[0610月2026 14:40:46.723] [main/INFO] [cpw.mods.modlauncher.Launcher/MODLAUNCHER]: ModLauncher running: args [--launchTarget, forgeclientuserdev, --version, MOD_DEV, --assetIndex, 5, --assetsDir, C:\Users\12501\.gradle\caches\forge_gradle\assets, --gameDir, ., --fml.forgeVersion, 47.3.0, --fml.mcVersion, 1.20.1, --fml.forgeGroup, net.minecraftforge, --fml.mcpVersion, 20230612.114412, --mixin.config, avaritia_spear.mixins.json]
[0610月2026 14:40:46.726] [main/INFO] [cpw.mods.modlauncher.Launcher/MODLAUNCHER]: ModLauncher 10.0.9+10.0.9+main.dcd20f30 starting: java version 17.0.19 by Microsoft; OS Windows 11 arch amd64 version 10.0
[0610月2026 14:40:46.767] [main/DEBUG] [cpw.mods.modlauncher.LaunchServiceHandler/MODLAUNCHER]: Found launch services [fmlclientdev,forgeclient,minecraft,forgegametestserverdev,fmlserveruserdev,fmlclient,fmldatauserdev,forgeserverdev,forgeserveruserdev,forgeclientdev,forgeclientuserdev,forgeserver,forgedatadev,fmlserver,fmlclientuserdev,fmlserverdev,forgedatauserdev,testharness,forgegametestserveruserdev]
[0610月2026 14:40:46.793] [main/DEBUG] [cpw.mods.modlauncher.NameMappingServiceHandler/MODLAUNCHER]: Found naming services : [srgtomcp]
[0610月2026 14:40:46.810] [main/DEBUG] [cpw.mods.modlauncher.LaunchPluginHandler/MODLAUNCHER]: Found launch plugins: [mixin,eventbus,slf4jfixer,object_holder_definalize,runtime_enum_extender,capability_token_subclass,accesstransformer,runtimedistcleaner]
[0610月2026 14:40:46.817] [main/DEBUG] [cpw.mods.modlauncher.TransformationServicesHandler/MODLAUNCHER]: Discovering transformation services
[0610月2026 14:40:46.822] [main/DEBUG] [net.minecraftforge.fml.loading.FMLPaths/CORE]: Path GAMEDIR is C:\Users\12501\MCreatorWorkspaces\avaritia_spear-1.20.1\run
[0610月2026 14:40:46.823] [main/DEBUG] [net.minecraftforge.fml.loading.FMLPaths/CORE]: Path MODSDIR is C:\Users\12501\MCreatorWorkspaces\avaritia_spear-1.20.1\run\mods
[0610月2026 14:40:46.823] [main/DEBUG] [net.minecraftforge.fml.loading.FMLPaths/CORE]: Path CONFIGDIR is C:\Users\12501\MCreatorWorkspaces\avaritia_spear-1.20.1\run\config
[0610月2026 14:40:46.823] [main/DEBUG] [net.minecraftforge.fml.loading.FMLPaths/CORE]: Path FMLCONFIG is C:\Users\12501\MCreatorWorkspaces\avaritia_spear-1.20.1\run\config\fml.toml
[0610月2026 14:40:46.871] [main/DEBUG] [cpw.mods.modlauncher.TransformationServicesHandler/MODLAUNCHER]: Found additional transformation services from discovery services: 
[0610月2026 14:40:46.879] [main/INFO] [net.minecraftforge.fml.loading.ImmediateWindowHandler/]: Loading ImmediateWindowProvider fmlearlywindow
[0610月2026 14:40:46.940] [main/INFO] [EARLYDISPLAY/]: Trying GL version 4.6
[0610月2026 14:40:47.041] [main/INFO] [EARLYDISPLAY/]: Requested GL version 4.6 got version 4.6
[0610月2026 14:40:47.083] [main/DEBUG] [cpw.mods.modlauncher.TransformationServicesHandler/MODLAUNCHER]: Found transformer services : [mixin,fml]
[0610月2026 14:40:47.083] [main/DEBUG] [cpw.mods.modlauncher.TransformationServicesHandler/MODLAUNCHER]: Transformation services loading
[0610月2026 14:40:47.084] [main/DEBUG] [cpw.mods.modlauncher.TransformationServiceDecorator/MODLAUNCHER]: Loading service mixin
[0610月2026 14:40:47.085] [main/DEBUG] [cpw.mods.modlauncher.TransformationServiceDecorator/MODLAUNCHER]: Loaded service mixin
[0610月2026 14:40:47.085] [main/DEBUG] [cpw.mods.modlauncher.TransformationServiceDecorator/MODLAUNCHER]: Loading service fml
[0610月2026 14:40:47.086] [main/DEBUG] [net.minecraftforge.fml.loading.LauncherVersion/CORE]: Found FMLLauncher version 1.0
[0610月2026 14:40:47.086] [main/DEBUG] [net.minecraftforge.fml.loading.FMLLoader/CORE]: FML 1.0 loading
[0610月2026 14:40:47.087] [main/DEBUG] [net.minecraftforge.fml.loading.FMLLoader/CORE]: FML found ModLauncher version : 10.0.9+10.0.9+main.dcd20f30
[0610月2026 14:40:47.087] [main/DEBUG] [net.minecraftforge.fml.loading.FMLLoader/CORE]: FML found AccessTransformer version : 8.0.4+66+master.c09db6d7
[0610月2026 14:40:47.087] [main/DEBUG] [net.minecraftforge.fml.loading.FMLLoader/CORE]: FML found EventBus version : 6.0.5+6.0.5+master.eb8e549b
[0610月2026 14:40:47.088] [main/DEBUG] [net.minecraftforge.fml.loading.FMLLoader/CORE]: Found Runtime Dist Cleaner
[0610月2026 14:40:47.089] [main/DEBUG] [net.minecraftforge.fml.loading.FMLLoader/CORE]: FML found CoreMod version : 5.1.6
[0610月2026 14:40:47.090] [main/DEBUG] [net.minecraftforge.fml.loading.FMLLoader/CORE]: Found ForgeSPI package implementation version 7.0.1+7.0.1+master.d2b38bf6
[0610月2026 14:40:47.090] [main/DEBUG] [net.minecraftforge.fml.loading.FMLLoader/CORE]: Found ForgeSPI package specification 5
[0610月2026 14:40:47.090] [main/DEBUG] [cpw.mods.modlauncher.TransformationServiceDecorator/MODLAUNCHER]: Loaded service fml
[0610月2026 14:40:47.090] [main/DEBUG] [cpw.mods.modlauncher.TransformationServicesHandler/MODLAUNCHER]: Configuring option handling for services
[0610月2026 14:40:47.095] [main/DEBUG] [cpw.mods.modlauncher.TransformationServicesHandler/MODLAUNCHER]: Transformation services initializing
[0610月2026 14:40:47.095] [main/DEBUG] [cpw.mods.modlauncher.TransformationServiceDecorator/MODLAUNCHER]: Initializing transformation service mixin
[0610月2026 14:40:47.106] [main/DEBUG] [mixin/]: MixinService [ModLauncher] was successfully booted in cpw.mods.cl.ModuleClassLoader@3e92efc3
[0610月2026 14:40:47.115] [main/INFO] [mixin/]: SpongePowered MIXIN Subsystem Version=0.8.5 Source=union:/C:/Users/12501/.gradle/caches/modules-2/files-2.1/org.spongepowered/mixin/0.8.5/9d1c0c3a304ae6697ecd477218fa61b850bf57fc/mixin-0.8.5.jar%23128!/ Service=ModLauncher Env=CLIENT
[0610月2026 14:40:47.118] [main/DEBUG] [mixin/]: Initialising Mixin Platform Manager
[0610月2026 14:40:47.118] [main/DEBUG] [mixin/]: Adding mixin platform agents for container ModLauncher Root Container(ModLauncher:4f56a0a2)
[0610月2026 14:40:47.119] [main/DEBUG] [mixin/]: Instancing new MixinPlatformAgentMinecraftForge for ModLauncher Root Container(ModLauncher:4f56a0a2)
[0610月2026 14:40:47.119] [main/DEBUG] [mixin/]: MixinPlatformAgentMinecraftForge rejected container ModLauncher Root Container(ModLauncher:4f56a0a2)
[0610月2026 14:40:47.120] [main/DEBUG] [mixin/]: Instancing new MixinPlatformAgentDefault for ModLauncher Root Container(ModLauncher:4f56a0a2)
[0610月2026 14:40:47.120] [main/DEBUG] [mixin/]: MixinPlatformAgentDefault accepted container ModLauncher Root Container(ModLauncher:4f56a0a2)
[0610月2026 14:40:47.121] [main/DEBUG] [cpw.mods.modlauncher.TransformationServiceDecorator/MODLAUNCHER]: Initialized transformation service mixin
[0610月2026 14:40:47.122] [main/DEBUG] [cpw.mods.modlauncher.TransformationServiceDecorator/MODLAUNCHER]: Initializing transformation service fml
[0610月2026 14:40:47.122] [main/DEBUG] [net.minecraftforge.fml.loading.FMLServiceProvider/CORE]: Setting up basic FML game directories
[0610月2026 14:40:47.122] [main/DEBUG] [net.minecraftforge.fml.loading.FMLPaths/CORE]: Path GAMEDIR is C:\Users\12501\MCreatorWorkspaces\avaritia_spear-1.20.1\run
[0610月2026 14:40:47.123] [main/DEBUG] [net.minecraftforge.fml.loading.FMLPaths/CORE]: Path MODSDIR is C:\Users\12501\MCreatorWorkspaces\avaritia_spear-1.20.1\run\mods
[0610月2026 14:40:47.123] [main/DEBUG] [net.minecraftforge.fml.loading.FMLPaths/CORE]: Path CONFIGDIR is C:\Users\12501\MCreatorWorkspaces\avaritia_spear-1.20.1\run\config
[0610月2026 14:40:47.123] [main/DEBUG] [net.minecraftforge.fml.loading.FMLPaths/CORE]: Path FMLCONFIG is C:\Users\12501\MCreatorWorkspaces\avaritia_spear-1.20.1\run\config\fml.toml
[0610月2026 14:40:47.123] [main/DEBUG] [net.minecraftforge.fml.loading.FMLServiceProvider/CORE]: Loading configuration
[0610月2026 14:40:47.125] [main/DEBUG] [net.minecraftforge.fml.loading.FMLServiceProvider/CORE]: Preparing ModFile
[0610月2026 14:40:47.127] [main/DEBUG] [net.minecraftforge.fml.loading.FMLServiceProvider/CORE]: Preparing launch handler
[0610月2026 14:40:47.127] [main/DEBUG] [net.minecraftforge.fml.loading.FMLLoader/CORE]: Using forgeclientuserdev as launch service
[0610月2026 14:40:47.136] [main/DEBUG] [net.minecraftforge.fml.loading.FMLLoader/CORE]: Received command line version data  : VersionInfo[forgeVersion=47.3.0, mcVersion=1.20.1, mcpVersion=20230612.114412, forgeGroup=net.minecraftforge]
[0610月2026 14:40:47.137] [main/DEBUG] [cpw.mods.modlauncher.TransformationServiceDecorator/MODLAUNCHER]: Initialized transformation service fml
[0610月2026 14:40:47.138] [main/DEBUG] [cpw.mods.modlauncher.NameMappingServiceHandler/MODLAUNCHER]: Current naming domain is 'mcp'
[0610月2026 14:40:47.138] [main/DEBUG] [cpw.mods.modlauncher.NameMappingServiceHandler/MODLAUNCHER]: Identified name mapping providers {srg=srgtomcp:1234}
[0610月2026 14:40:47.138] [main/DEBUG] [cpw.mods.modlauncher.TransformationServicesHandler/MODLAUNCHER]: Transformation services begin scanning
[0610月2026 14:40:47.139] [main/DEBUG] [cpw.mods.modlauncher.TransformationServiceDecorator/MODLAUNCHER]: Beginning scan trigger - transformation service mixin
[0610月2026 14:40:47.140] [main/DEBUG] [cpw.mods.modlauncher.TransformationServiceDecorator/MODLAUNCHER]: End scan trigger - transformation service mixin
[0610月2026 14:40:47.140] [main/DEBUG] [cpw.mods.modlauncher.TransformationServiceDecorator/MODLAUNCHER]: Beginning scan trigger - transformation service fml
[0610月2026 14:40:47.140] [main/DEBUG] [net.minecraftforge.fml.loading.FMLServiceProvider/CORE]: Initiating mod scan
[0610月2026 14:40:47.141] [pool-2-thread-1/INFO] [EARLYDISPLAY/]: GL info: AMD Radeon RX 7900 XT GL version 4.6.0 Core Profile Context 26.7.1.260716, ATI Technologies Inc.
[0610月2026 14:40:47.147] [main/DEBUG] [net.minecraftforge.fml.loading.moddiscovery.ModListHandler/CORE]: Found mod coordinates from lists: []
[0610月2026 14:40:47.151] [main/DEBUG] [net.minecraftforge.fml.loading.moddiscovery.ModDiscoverer/CORE]: Found Mod Locators : (mods folder:null),(maven libs:null),(exploded directory:null),(minecraft:null),(userdev classpath:null)
[0610月2026 14:40:47.151] [main/DEBUG] [net.minecraftforge.fml.loading.moddiscovery.ModDiscoverer/CORE]: Found Dependency Locators : (JarInJar:null)
[0610月2026 14:40:47.171] [main/DEBUG] [net.minecraftforge.fml.loading.targets.CommonLaunchHandler/CORE]: Got mod coordinates avaritia_spear%%C:\Users\12501\MCreatorWorkspaces\avaritia_spear-1.20.1\build\resources\main;avaritia_spear%%C:\Users\12501\MCreatorWorkspaces\avaritia_spear-1.20.1\build\classes\java\main from env
[0610月2026 14:40:47.172] [main/DEBUG] [net.minecraftforge.fml.loading.targets.CommonLaunchHandler/CORE]: Found supplied mod coordinates [{avaritia_spear=[C:\Users\12501\MCreatorWorkspaces\avaritia_spear-1.20.1\build\resources\main, C:\Users\12501\MCreatorWorkspaces\avaritia_spear-1.20.1\build\classes\java\main]}]
[0610月2026 14:40:47.403] [main/DEBUG] [net.minecraftforge.fml.loading.moddiscovery.ModFileInfo/LOADING]: Found valid mod file forge-1.20.1-47.3.0_mapped_official_1.20.1.jar with {minecraft} mods - versions {1.20.1}
[0610月2026 14:40:47.410] [main/DEBUG] [net.minecraftforge.fml.loading.moddiscovery.ModFileParser/LOADING]: Considering mod file candidate C:\Users\12501\.gradle\caches\modules-2\files-2.1\net.minecraftforge\javafmllanguage\1.20.1-47.3.0\d7ebc62120f202109e300e084ca1a31a7b946a62\javafmllanguage-1.20.1-47.3.0.jar
[0610月2026 14:40:47.410] [main/WARN] [net.minecraftforge.fml.loading.moddiscovery.ModFileParser/LOADING]: Mod file C:\Users\12501\.gradle\caches\modules-2\files-2.1\net.minecraftforge\javafmllanguage\1.20.1-47.3.0\d7ebc62120f202109e300e084ca1a31a7b946a62\javafmllanguage-1.20.1-47.3.0.jar is missing mods.toml file
[0610月2026 14:40:47.418] [main/DEBUG] [net.minecraftforge.fml.loading.moddiscovery.ModFileParser/LOADING]: Considering mod file candidate C:\Users\12501\.gradle\caches\modules-2\files-2.1\net.minecraftforge\lowcodelanguage\1.20.1-47.3.0\1bf3e845ea0ce750096da8c71c8364b188ab74d4\lowcodelanguage-1.20.1-47.3.0.jar
[0610月2026 14:40:47.418] [main/WARN] [net.minecraftforge.fml.loading.moddiscovery.ModFileParser/LOADING]: Mod file C:\Users\12501\.gradle\caches\modules-2\files-2.1\net.minecraftforge\lowcodelanguage\1.20.1-47.3.0\1bf3e845ea0ce750096da8c71c8364b188ab74d4\lowcodelanguage-1.20.1-47.3.0.jar is missing mods.toml file
[0610月2026 14:40:47.423] [main/DEBUG] [net.minecraftforge.fml.loading.moddiscovery.ModFileParser/LOADING]: Considering mod file candidate C:\Users\12501\.gradle\caches\modules-2\files-2.1\net.minecraftforge\mclanguage\1.20.1-47.3.0\6093682e943ddccbabf70539319d7f2fe64db2e7\mclanguage-1.20.1-47.3.0.jar
[0610月2026 14:40:47.423] [main/WARN] [net.minecraftforge.fml.loading.moddiscovery.ModFileParser/LOADING]: Mod file C:\Users\12501\.gradle\caches\modules-2\files-2.1\net.minecraftforge\mclanguage\1.20.1-47.3.0\6093682e943ddccbabf70539319d7f2fe64db2e7\mclanguage-1.20.1-47.3.0.jar is missing mods.toml file
[0610月2026 14:40:47.429] [main/DEBUG] [net.minecraftforge.fml.loading.moddiscovery.ModFileParser/LOADING]: Considering mod file candidate C:\Users\12501\.gradle\caches\modules-2\files-2.1\net.minecraftforge\fmlcore\1.20.1-47.3.0\3b6be96aba3e323f3c918e8ef6a96312d82d76ad\fmlcore-1.20.1-47.3.0.jar
[0610月2026 14:40:47.429] [main/WARN] [net.minecraftforge.fml.loading.moddiscovery.ModFileParser/LOADING]: Mod file C:\Users\12501\.gradle\caches\modules-2\files-2.1\net.minecraftforge\fmlcore\1.20.1-47.3.0\3b6be96aba3e323f3c918e8ef6a96312d82d76ad\fmlcore-1.20.1-47.3.0.jar is missing mods.toml file
[0610月2026 14:40:47.435] [main/DEBUG] [net.minecraftforge.fml.loading.moddiscovery.ModFileParser/LOADING]: Considering mod file candidate C:\Users\12501\MCreatorWorkspaces\avaritia_spear-1.20.1\build\resources\main
[0610月2026 14:40:47.443] [main/DEBUG] [net.minecraftforge.fml.loading.moddiscovery.ModFileInfo/LOADING]: Found valid mod file main with {avaritia_spear} mods - versions {1.3.1}
[0610月2026 14:40:47.445] [main/DEBUG] [net.minecraftforge.fml.loading.moddiscovery.ModFileParser/LOADING]: Considering mod file candidate /
[0610月2026 14:40:47.448] [main/DEBUG] [net.minecraftforge.fml.loading.moddiscovery.ModFileInfo/LOADING]: Found valid mod file  with {forge} mods - versions {47.3.0}
[0610月2026 14:40:47.465] [main/DEBUG] [net.minecraftforge.fml.loading.moddiscovery.ModFileParser/LOADING]: Considering mod file candidate C:\Users\12501\.gradle\caches\forge_gradle\deobf_dependencies\net\minecraft\spearcore\spearcore-1.20.1-forge\3.0.0_mapped_official_1.20.1\spearcore-1.20.1-forge-3.0.0_mapped_official_1.20.1.jar
[0610月2026 14:40:47.466] [main/DEBUG] [net.minecraftforge.fml.loading.moddiscovery.ModFileInfo/LOADING]: Found valid mod file spearcore-1.20.1-forge-3.0.0_mapped_official_1.20.1.jar with {spearcore} mods - versions {3.0.0}
[0610月2026 14:40:47.474] [main/DEBUG] [net.minecraftforge.fml.loading.moddiscovery.ModFileParser/LOADING]: Considering mod file candidate C:\Users\12501\.gradle\caches\forge_gradle\deobf_dependencies\committee\nova\mods\avaritia-1.20.1\1.4.2_mapped_official_1.20.1\avaritia-1.20.1-1.4.2_mapped_official_1.20.1.jar
[0610月2026 14:40:47.475] [main/DEBUG] [net.minecraftforge.fml.loading.moddiscovery.ModFileInfo/LOADING]: Found valid mod file avaritia-1.20.1-1.4.2_mapped_official_1.20.1.jar with {avaritia} mods - versions {1.4.2}
[0610月2026 14:40:47.480] [main/DEBUG] [net.minecraftforge.fml.loading.moddiscovery.ModFileParser/LOADING]: Considering mod file candidate C:\Users\12501\.gradle\caches\forge_gradle\deobf_dependencies\net\minecraft\spearcore\spearcore-1.20.1-forge\3.0.0_mapped_official_1.20.1\spearcore-1.20.1-forge-3.0.0_mapped_official_1.20.1.jar
[0610月2026 14:40:47.481] [main/DEBUG] [net.minecraftforge.fml.loading.moddiscovery.ModFileInfo/LOADING]: Found valid mod file spearcore-1.20.1-forge-3.0.0_mapped_official_1.20.1.jar with {spearcore} mods - versions {3.0.0}
[0610月2026 14:40:47.489] [main/DEBUG] [net.minecraftforge.fml.loading.moddiscovery.ModFileParser/LOADING]: Considering mod file candidate C:\Users\12501\.gradle\caches\forge_gradle\deobf_dependencies\committee\nova\mods\avaritia-1.20.1\1.4.2_mapped_official_1.20.1\avaritia-1.20.1-1.4.2_mapped_official_1.20.1.jar
[0610月2026 14:40:47.491] [main/DEBUG] [net.minecraftforge.fml.loading.moddiscovery.ModFileInfo/LOADING]: Found valid mod file avaritia-1.20.1-1.4.2_mapped_official_1.20.1.jar with {avaritia} mods - versions {1.4.2}
[0610月2026 14:40:47.496] [main/DEBUG] [net.minecraftforge.fml.loading.UniqueModListBuilder/]: Found 2 mods for first modid avaritia, selecting most recent based on version data
[0610月2026 14:40:47.497] [main/DEBUG] [net.minecraftforge.fml.loading.UniqueModListBuilder/]: Selected file avaritia-1.20.1-1.4.2_mapped_official_1.20.1.jar for modid avaritia with version 1.4.2
[0610月2026 14:40:47.497] [main/DEBUG] [net.minecraftforge.fml.loading.UniqueModListBuilder/]: Found 2 mods for first modid spearcore, selecting most recent based on version data
[0610月2026 14:40:47.497] [main/DEBUG] [net.minecraftforge.fml.loading.UniqueModListBuilder/]: Selected file spearcore-1.20.1-forge-3.0.0_mapped_official_1.20.1.jar for modid spearcore with version 3.0.0
[0610月2026 14:40:47.503] [main/DEBUG] [net.minecraftforge.fml.loading.moddiscovery.AbstractJarFileDependencyLocator/]: Failed to load resource META-INF\jarjar\metadata.json from forge-1.20.1-47.3.0_mapped_official_1.20.1.jar, it does not contain dependency information.
[0610月2026 14:40:47.503] [main/DEBUG] [net.minecraftforge.fml.loading.moddiscovery.AbstractJarFileDependencyLocator/]: Failed to load resource META-INF\jarjar\metadata.json from avaritia-1.20.1-1.4.2_mapped_official_1.20.1.jar, it does not contain dependency information.
[0610月2026 14:40:47.503] [main/DEBUG] [net.minecraftforge.fml.loading.moddiscovery.AbstractJarFileDependencyLocator/]: Failed to load resource META-INF\jarjar\metadata.json from , it does not contain dependency information.
[0610月2026 14:40:47.504] [main/DEBUG] [net.minecraftforge.fml.loading.moddiscovery.AbstractJarFileDependencyLocator/]: Failed to load resource META-INF\jarjar\metadata.json from main, it does not contain dependency information.
[0610月2026 14:40:47.504] [main/DEBUG] [net.minecraftforge.fml.loading.moddiscovery.AbstractJarFileDependencyLocator/]: Failed to load resource META-INF\jarjar\metadata.json from spearcore-1.20.1-forge-3.0.0_mapped_official_1.20.1.jar, it does not contain dependency information.
[0610月2026 14:40:47.504] [main/DEBUG] [net.minecraftforge.fml.loading.moddiscovery.AbstractJarFileDependencyLocator/]: Failed to load resource META-INF\jarjar\metadata.json from mclanguage-1.20.1-47.3.0.jar, it does not contain dependency information.
[0610月2026 14:40:47.504] [main/DEBUG] [net.minecraftforge.fml.loading.moddiscovery.AbstractJarFileDependencyLocator/]: Failed to load resource META-INF\jarjar\metadata.json from javafmllanguage-1.20.1-47.3.0.jar, it does not contain dependency information.
[0610月2026 14:40:47.504] [main/DEBUG] [net.minecraftforge.fml.loading.moddiscovery.AbstractJarFileDependencyLocator/]: Failed to load resource META-INF\jarjar\metadata.json from fmlcore-1.20.1-47.3.0.jar, it does not contain dependency information.
[0610月2026 14:40:47.505] [main/DEBUG] [net.minecraftforge.fml.loading.moddiscovery.AbstractJarFileDependencyLocator/]: Failed to load resource META-INF\jarjar\metadata.json from lowcodelanguage-1.20.1-47.3.0.jar, it does not contain dependency information.
[0610月2026 14:40:47.530] [main/INFO] [net.minecraftforge.fml.loading.moddiscovery.JarInJarDependencyLocator/]: No dependencies to load found. Skipping!
[0610月2026 14:40:47.533] [main/DEBUG] [net.minecraftforge.fml.loading.moddiscovery.ModFileInfo/LOADING]: Found valid mod file forge-1.20.1-47.3.0_mapped_official_1.20.1.jar with {minecraft} mods - versions {1.20.1}
[0610月2026 14:40:47.538] [main/DEBUG] [net.minecraftforge.fml.loading.moddiscovery.ModFile/LOADING]: Loading mod file C:\Users\12501\.gradle\caches\forge_gradle\minecraft_user_repo\net\minecraftforge\forge\1.20.1-47.3.0_mapped_official_1.20.1\forge-1.20.1-47.3.0_mapped_official_1.20.1.jar with languages [LanguageSpec[languageName=minecraft, acceptedVersions=1]]
[0610月2026 14:40:47.539] [main/DEBUG] [net.minecraftforge.fml.loading.moddiscovery.ModFileParser/LOADING]: Considering mod file candidate /
[0610月2026 14:40:47.540] [main/DEBUG] [net.minecraftforge.fml.loading.moddiscovery.ModFileInfo/LOADING]: Found valid mod file  with {forge} mods - versions {47.3.0}
[0610月2026 14:40:47.540] [main/DEBUG] [net.minecraftforge.fml.loading.moddiscovery.ModFile/LOADING]: Loading mod file / with languages [LanguageSpec[languageName=javafml, acceptedVersions=[24,]]]
[0610月2026 14:40:47.559] [main/DEBUG] [net.minecraftforge.fml.loading.moddiscovery.ModFileParser/LOADING]: Found coremod field_to_method with Javascript path coremods/field_to_method.js
[0610月2026 14:40:47.559] [main/DEBUG] [net.minecraftforge.fml.loading.moddiscovery.ModFileParser/LOADING]: Found coremod field_to_instanceof with Javascript path coremods/field_to_instanceof.js
[0610月2026 14:40:47.560] [main/DEBUG] [net.minecraftforge.fml.loading.moddiscovery.ModFileParser/LOADING]: Found coremod add_bouncer_method with Javascript path coremods/add_bouncer_method.js
[0610月2026 14:40:47.560] [main/DEBUG] [net.minecraftforge.fml.loading.moddiscovery.ModFileParser/LOADING]: Found coremod method_redirector with Javascript path coremods/method_redirector.js
[0610月2026 14:40:47.560] [main/DEBUG] [net.minecraftforge.fml.loading.moddiscovery.ModFile/LOADING]: Found coremod coremods/field_to_method.js
[0610月2026 14:40:47.560] [main/DEBUG] [net.minecraftforge.fml.loading.moddiscovery.ModFile/LOADING]: Found coremod coremods/field_to_instanceof.js
[0610月2026 14:40:47.560] [main/DEBUG] [net.minecraftforge.fml.loading.moddiscovery.ModFile/LOADING]: Found coremod coremods/add_bouncer_method.js
[0610月2026 14:40:47.560] [main/DEBUG] [net.minecraftforge.fml.loading.moddiscovery.ModFile/LOADING]: Found coremod coremods/method_redirector.js
[0610月2026 14:40:47.561] [main/DEBUG] [net.minecraftforge.fml.loading.moddiscovery.ModFileParser/LOADING]: Considering mod file candidate C:\Users\12501\.gradle\caches\forge_gradle\deobf_dependencies\committee\nova\mods\avaritia-1.20.1\1.4.2_mapped_official_1.20.1\avaritia-1.20.1-1.4.2_mapped_official_1.20.1.jar
[0610月2026 14:40:47.562] [main/DEBUG] [net.minecraftforge.fml.loading.moddiscovery.ModFileInfo/LOADING]: Found valid mod file avaritia-1.20.1-1.4.2_mapped_official_1.20.1.jar with {avaritia} mods - versions {1.4.2}
[0610月2026 14:40:47.562] [main/DEBUG] [net.minecraftforge.fml.loading.moddiscovery.ModFile/LOADING]: Loading mod file C:\Users\12501\.gradle\caches\forge_gradle\deobf_dependencies\committee\nova\mods\avaritia-1.20.1\1.4.2_mapped_official_1.20.1\avaritia-1.20.1-1.4.2_mapped_official_1.20.1.jar with languages [LanguageSpec[languageName=javafml, acceptedVersions=[46,)]]
[0610月2026 14:40:47.562] [main/DEBUG] [net.minecraftforge.fml.loading.moddiscovery.ModFileParser/LOADING]: Considering mod file candidate C:\Users\12501\MCreatorWorkspaces\avaritia_spear-1.20.1\build\resources\main
[0610月2026 14:40:47.566] [main/DEBUG] [net.minecraftforge.fml.loading.moddiscovery.ModFileInfo/LOADING]: Found valid mod file main with {avaritia_spear} mods - versions {1.3.1}
[0610月2026 14:40:47.566] [main/DEBUG] [net.minecraftforge.fml.loading.moddiscovery.ModFile/LOADING]: Loading mod file C:\Users\12501\MCreatorWorkspaces\avaritia_spear-1.20.1\build\resources\main with languages [LanguageSpec[languageName=javafml, acceptedVersions=[47,)]]
[0610月2026 14:40:47.566] [main/DEBUG] [net.minecraftforge.fml.loading.moddiscovery.ModFileParser/LOADING]: Considering mod file candidate C:\Users\12501\.gradle\caches\forge_gradle\deobf_dependencies\net\minecraft\spearcore\spearcore-1.20.1-forge\3.0.0_mapped_official_1.20.1\spearcore-1.20.1-forge-3.0.0_mapped_official_1.20.1.jar
[0610月2026 14:40:47.567] [main/DEBUG] [net.minecraftforge.fml.loading.moddiscovery.ModFileInfo/LOADING]: Found valid mod file spearcore-1.20.1-forge-3.0.0_mapped_official_1.20.1.jar with {spearcore} mods - versions {3.0.0}
[0610月2026 14:40:47.567] [main/DEBUG] [net.minecraftforge.fml.loading.moddiscovery.ModFile/LOADING]: Loading mod file C:\Users\12501\.gradle\caches\forge_gradle\deobf_dependencies\net\minecraft\spearcore\spearcore-1.20.1-forge\3.0.0_mapped_official_1.20.1\spearcore-1.20.1-forge-3.0.0_mapped_official_1.20.1.jar with languages [LanguageSpec[languageName=javafml, acceptedVersions=[47,)]]
[0610月2026 14:40:47.569] [main/DEBUG] [cpw.mods.modlauncher.TransformationServiceDecorator/MODLAUNCHER]: End scan trigger - transformation service fml
[0610月2026 14:40:47.582] [main/DEBUG] [net.minecraftforge.fml.loading.LanguageLoadingProvider/CORE]: Found 3 language providers
[0610月2026 14:40:47.583] [main/DEBUG] [net.minecraftforge.fml.loading.LanguageLoadingProvider/CORE]: Found language provider minecraft, version 1.0
[0610月2026 14:40:47.584] [main/DEBUG] [net.minecraftforge.fml.loading.LanguageLoadingProvider/CORE]: Found language provider lowcodefml, version 47
[0610月2026 14:40:47.584] [main/DEBUG] [net.minecraftforge.fml.loading.LanguageLoadingProvider/CORE]: Found language provider javafml, version 47
[0610月2026 14:40:47.590] [main/DEBUG] [net.minecraftforge.fml.loading.ModSorter/]: Configured system mods: [minecraft, forge]
[0610月2026 14:40:47.591] [main/DEBUG] [net.minecraftforge.fml.loading.ModSorter/]: Found system mod: minecraft
[0610月2026 14:40:47.591] [main/DEBUG] [net.minecraftforge.fml.loading.ModSorter/]: Found system mod: forge
[0610月2026 14:40:47.593] [main/DEBUG] [net.minecraftforge.fml.loading.ModSorter/LOADING]: Found 8 mod requirements (8 mandatory, 0 optional)
[0610月2026 14:40:47.593] [main/DEBUG] [net.minecraftforge.fml.loading.ModSorter/LOADING]: Found 0 mod requirements missing (0 mandatory, 0 optional)
[0610月2026 14:40:47.981] [main/DEBUG] [net.minecraftforge.fml.loading.MCPNamingService/CORE]: Loaded 33222 method mappings from methods.csv
[0610月2026 14:40:48.008] [main/DEBUG] [net.minecraftforge.fml.loading.MCPNamingService/CORE]: Loaded 31003 field mappings from fields.csv
[0610月2026 14:40:48.071] [main/DEBUG] [cpw.mods.modlauncher.TransformationServicesHandler/MODLAUNCHER]: Transformation services loading transformers
[0610月2026 14:40:48.072] [main/DEBUG] [cpw.mods.modlauncher.TransformationServiceDecorator/MODLAUNCHER]: Initializing transformers for transformation service mixin
[0610月2026 14:40:48.074] [main/DEBUG] [cpw.mods.modlauncher.TransformationServiceDecorator/MODLAUNCHER]: Initialized transformers for transformation service mixin
[0610月2026 14:40:48.074] [main/DEBUG] [cpw.mods.modlauncher.TransformationServiceDecorator/MODLAUNCHER]: Initializing transformers for transformation service fml
[0610月2026 14:40:48.074] [main/DEBUG] [net.minecraftforge.fml.loading.FMLServiceProvider/CORE]: Loading coremod transformers
[0610月2026 14:40:48.075] [main/DEBUG] [net.minecraftforge.coremod.CoreModEngine/COREMOD]: Loading CoreMod from coremods/field_to_method.js
[0610月2026 14:40:48.460] [main/DEBUG] [net.minecraftforge.coremod.CoreModEngine/COREMOD]: CoreMod loaded successfully
[0610月2026 14:40:48.461] [main/DEBUG] [net.minecraftforge.coremod.CoreModEngine/COREMOD]: Loading CoreMod from coremods/field_to_instanceof.js
[0610月2026 14:40:48.583] [main/DEBUG] [net.minecraftforge.coremod.CoreModEngine/COREMOD]: CoreMod loaded successfully
[0610月2026 14:40:48.583] [main/DEBUG] [net.minecraftforge.coremod.CoreModEngine/COREMOD]: Loading CoreMod from coremods/add_bouncer_method.js
[0610月2026 14:40:48.640] [main/DEBUG] [net.minecraftforge.coremod.CoreModEngine/COREMOD]: CoreMod loaded successfully
[0610月2026 14:40:48.641] [main/DEBUG] [net.minecraftforge.coremod.CoreModEngine/COREMOD]: Loading CoreMod from coremods/method_redirector.js
[0610月2026 14:40:48.721] [main/DEBUG] [net.minecraftforge.coremod.CoreModEngine/COREMOD]: CoreMod loaded successfully
[0610月2026 14:40:48.743] [main/DEBUG] [cpw.mods.modlauncher.TransformStore/MODLAUNCHER]: Adding transformer net.minecraftforge.coremod.transformer.CoreModClassTransformer@4e83a98 to Target : CLASS {Lnet/minecraft/world/level/biome/Biome;} {} {V}
[0610月2026 14:40:48.746] [main/DEBUG] [cpw.mods.modlauncher.TransformStore/MODLAUNCHER]: Adding transformer net.minecraftforge.coremod.transformer.CoreModClassTransformer@40230eb9 to Target : CLASS {Lnet/minecraft/world/level/levelgen/structure/Structure;} {} {V}
[0610月2026 14:40:48.747] [main/DEBUG] [cpw.mods.modlauncher.TransformStore/MODLAUNCHER]: Adding transformer net.minecraftforge.coremod.transformer.CoreModClassTransformer@5b7aa898 to Target : CLASS {Lnet/minecraft/world/effect/MobEffectInstance;} {} {V}
[0610月2026 14:40:48.748] [main/DEBUG] [cpw.mods.modlauncher.TransformStore/MODLAUNCHER]: Adding transformer net.minecraftforge.coremod.transformer.CoreModClassTransformer@41b13f3d to Target : CLASS {Lnet/minecraft/world/level/block/LiquidBlock;} {} {V}
[0610月2026 14:40:48.748] [main/DEBUG] [cpw.mods.modlauncher.TransformStore/MODLAUNCHER]: Adding transformer net.minecraftforge.coremod.transformer.CoreModClassTransformer@7c0777b5 to Target : CLASS {Lnet/minecraft/world/item/BucketItem;} {} {V}
[0610月2026 14:40:48.749] [main/DEBUG] [cpw.mods.modlauncher.TransformStore/MODLAUNCHER]: Adding transformer net.minecraftforge.coremod.transformer.CoreModClassTransformer@2489e84a to Target : CLASS {Lnet/minecraft/world/level/block/StairBlock;} {} {V}
[0610月2026 14:40:48.749] [main/DEBUG] [cpw.mods.modlauncher.TransformStore/MODLAUNCHER]: Adding transformer net.minecraftforge.coremod.transformer.CoreModClassTransformer@2a39aa2b to Target : CLASS {Lnet/minecraft/world/level/block/FlowerPotBlock;} {} {V}
[0610月2026 14:40:48.749] [main/DEBUG] [cpw.mods.modlauncher.TransformStore/MODLAUNCHER]: Adding transformer net.minecraftforge.coremod.transformer.CoreModClassTransformer@62b93086 to Target : CLASS {Lnet/minecraft/world/item/ItemStack;} {} {V}
[0610月2026 14:40:48.749] [main/DEBUG] [cpw.mods.modlauncher.TransformStore/MODLAUNCHER]: Adding transformer net.minecraftforge.coremod.transformer.CoreModClassTransformer@254449bb to Target : CLASS {Lnet/minecraft/network/play/client/CClientSettingsPacket;} {} {V}
[0610月2026 14:40:48.749] [main/DEBUG] [cpw.mods.modlauncher.TransformStore/MODLAUNCHER]: Adding transformer net.minecraftforge.coremod.transformer.CoreModClassTransformer@4e642ee1 to Target : CLASS {Lnet/minecraft/world/entity/npc/CatSpawner;} {} {V}
[0610月2026 14:40:48.749] [main/DEBUG] [cpw.mods.modlauncher.TransformStore/MODLAUNCHER]: Adding transformer net.minecraftforge.coremod.transformer.CoreModClassTransformer@4e642ee1 to Target : CLASS {Lnet/minecraft/server/commands/SummonCommand;} {} {V}
[0610月2026 14:40:48.749] [main/DEBUG] [cpw.mods.modlauncher.TransformStore/MODLAUNCHER]: Adding transformer net.minecraftforge.coremod.transformer.CoreModClassTransformer@4e642ee1 to Target : CLASS {Lnet/minecraft/world/entity/ai/village/VillageSiege;} {} {V}
[0610月2026 14:40:48.749] [main/DEBUG] [cpw.mods.modlauncher.TransformStore/MODLAUNCHER]: Adding transformer net.minecraftforge.coremod.transformer.CoreModClassTransformer@4e642ee1 to Target : CLASS {Lnet/minecraft/world/entity/raid/Raid;} {} {V}
[0610月2026 14:40:48.749] [main/DEBUG] [cpw.mods.modlauncher.TransformStore/MODLAUNCHER]: Adding transformer net.minecraftforge.coremod.transformer.CoreModClassTransformer@4e642ee1 to Target : CLASS {Lnet/minecraft/world/entity/monster/ZombieVillager;} {} {V}
[0610月2026 14:40:48.749] [main/DEBUG] [cpw.mods.modlauncher.TransformStore/MODLAUNCHER]: Adding transformer net.minecraftforge.coremod.transformer.CoreModClassTransformer@4e642ee1 to Target : CLASS {Lnet/minecraft/world/entity/monster/Zombie;} {} {V}
[0610月2026 14:40:48.750] [main/DEBUG] [cpw.mods.modlauncher.TransformStore/MODLAUNCHER]: Adding transformer net.minecraftforge.coremod.transformer.CoreModClassTransformer@4e642ee1 to Target : CLASS {Lnet/minecraft/world/entity/animal/frog/Tadpole;} {} {V}
[0610月2026 14:40:48.750] [main/DEBUG] [cpw.mods.modlauncher.TransformStore/MODLAUNCHER]: Adding transformer net.minecraftforge.coremod.transformer.CoreModClassTransformer@4e642ee1 to Target : CLASS {Lnet/minecraft/world/entity/monster/Spider;} {} {V}
[0610月2026 14:40:48.750] [main/DEBUG] [cpw.mods.modlauncher.TransformStore/MODLAUNCHER]: Adding transformer net.minecraftforge.coremod.transformer.CoreModClassTransformer@4e642ee1 to Target : CLASS {Lnet/minecraft/world/level/levelgen/PhantomSpawner;} {} {V}
[0610月2026 14:40:48.750] [main/DEBUG] [cpw.mods.modlauncher.TransformStore/MODLAUNCHER]: Adding transformer net.minecraftforge.coremod.transformer.CoreModClassTransformer@4e642ee1 to Target : CLASS {Lnet/minecraft/world/level/NaturalSpawner;} {} {V}
[0610月2026 14:40:48.750] [main/DEBUG] [cpw.mods.modlauncher.TransformStore/MODLAUNCHER]: Adding transformer net.minecraftforge.coremod.transformer.CoreModClassTransformer@4e642ee1 to Target : CLASS {Lnet/minecraft/world/level/levelgen/structure/structures/SwampHutPiece;} {} {V}
[0610月2026 14:40:48.750] [main/DEBUG] [cpw.mods.modlauncher.TransformStore/MODLAUNCHER]: Adding transformer net.minecraftforge.coremod.transformer.CoreModClassTransformer@4e642ee1 to Target : CLASS {Lnet/minecraft/world/entity/npc/Villager;} {} {V}
[0610月2026 14:40:48.750] [main/DEBUG] [cpw.mods.modlauncher.TransformStore/MODLAUNCHER]: Adding transformer net.minecraftforge.coremod.transformer.CoreModClassTransformer@4e642ee1 to Target : CLASS {Lnet/minecraft/world/level/levelgen/structure/structures/OceanMonumentPieces$OceanMonumentPiece;} {} {V}
[0610月2026 14:40:48.750] [main/DEBUG] [cpw.mods.modlauncher.TransformStore/MODLAUNCHER]: Adding transformer net.minecraftforge.coremod.transformer.CoreModClassTransformer@4e642ee1 to Target : CLASS {Lnet/minecraft/world/level/levelgen/structure/structures/WoodlandMansionPieces$WoodlandMansionPiece;} {} {V}
[0610月2026 14:40:48.750] [main/DEBUG] [cpw.mods.modlauncher.TransformStore/MODLAUNCHER]: Adding transformer net.minecraftforge.coremod.transformer.CoreModClassTransformer@4e642ee1 to Target : CLASS {Lnet/minecraft/server/commands/RaidCommand;} {} {V}
[0610月2026 14:40:48.751] [main/DEBUG] [cpw.mods.modlauncher.TransformStore/MODLAUNCHER]: Adding transformer net.minecraftforge.coremod.transformer.CoreModClassTransformer@4e642ee1 to Target : CLASS {Lnet/minecraft/world/entity/animal/horse/SkeletonTrapGoal;} {} {V}
[0610月2026 14:40:48.751] [main/DEBUG] [cpw.mods.modlauncher.TransformStore/MODLAUNCHER]: Adding transformer net.minecraftforge.coremod.transformer.CoreModClassTransformer@4e642ee1 to Target : CLASS {Lnet/minecraft/world/level/levelgen/structure/structures/OceanRuinPieces$OceanRuinPiece;} {} {V}
[0610月2026 14:40:48.751] [main/DEBUG] [cpw.mods.modlauncher.TransformStore/MODLAUNCHER]: Adding transformer net.minecraftforge.coremod.transformer.CoreModClassTransformer@4e642ee1 to Target : CLASS {Lnet/minecraft/world/entity/monster/Evoker$EvokerSummonSpellGoal;} {} {V}
[0610月2026 14:40:48.751] [main/DEBUG] [cpw.mods.modlauncher.TransformStore/MODLAUNCHER]: Adding transformer net.minecraftforge.coremod.transformer.CoreModClassTransformer@4e642ee1 to Target : CLASS {Lnet/minecraft/world/entity/EntityType;} {} {V}
[0610月2026 14:40:48.751] [main/DEBUG] [cpw.mods.modlauncher.TransformStore/MODLAUNCHER]: Adding transformer net.minecraftforge.coremod.transformer.CoreModClassTransformer@4e642ee1 to Target : CLASS {Lnet/minecraft/world/entity/monster/Strider;} {} {V}
[0610月2026 14:40:48.751] [main/DEBUG] [cpw.mods.modlauncher.TransformStore/MODLAUNCHER]: Adding transformer net.minecraftforge.coremod.transformer.CoreModClassTransformer@4e642ee1 to Target : CLASS {Lnet/minecraft/world/level/levelgen/structure/templatesystem/StructureTemplate;} {} {V}
[0610月2026 14:40:48.751] [main/DEBUG] [cpw.mods.modlauncher.TransformStore/MODLAUNCHER]: Adding transformer net.minecraftforge.coremod.transformer.CoreModClassTransformer@4e642ee1 to Target : CLASS {Lnet/minecraft/world/level/levelgen/PatrolSpawner;} {} {V}
[0610月2026 14:40:48.751] [main/DEBUG] [cpw.mods.modlauncher.TransformationServiceDecorator/MODLAUNCHER]: Initialized transformers for transformation service fml
[0610月2026 14:40:49.181] [main/DEBUG] [mixin/]: Processing prepare() for PlatformAgent[MixinPlatformAgentDefault:ModLauncher Root Container(ModLauncher:4f56a0a2)]
[0610月2026 14:40:49.182] [main/DEBUG] [mixin/]: Registering mixin config: avaritia_spear.mixins.json
[0610月2026 14:40:49.219] [main/DEBUG] [mixin/]: Compatibility level JAVA_17 specified by avaritia_spear.mixins.json is higher than the maximum level supported by this version of mixin (JAVA_13).
[0610月2026 14:40:49.224] [main/INFO] [mixin/]: Compatibility level set to JAVA_17
[0610月2026 14:40:49.224] [main/DEBUG] [mixin/]: Processing launch tasks for PlatformAgent[MixinPlatformAgentDefault:ModLauncher Root Container(ModLauncher:4f56a0a2)]
[0610月2026 14:40:49.225] [main/DEBUG] [mixin/]: Adding mixin platform agents for container SecureJarResource(minecraft)
[0610月2026 14:40:49.225] [main/DEBUG] [mixin/]: Instancing new MixinPlatformAgentMinecraftForge for SecureJarResource(minecraft)
[0610月2026 14:40:49.225] [main/DEBUG] [mixin/]: MixinPlatformAgentMinecraftForge rejected container SecureJarResource(minecraft)
[0610月2026 14:40:49.225] [main/DEBUG] [mixin/]: Instancing new MixinPlatformAgentDefault for SecureJarResource(minecraft)
[0610月2026 14:40:49.225] [main/DEBUG] [mixin/]: MixinPlatformAgentDefault accepted container SecureJarResource(minecraft)
[0610月2026 14:40:49.225] [main/DEBUG] [mixin/]: Processing prepare() for PlatformAgent[MixinPlatformAgentDefault:SecureJarResource(minecraft)]
[0610月2026 14:40:49.225] [main/DEBUG] [mixin/]: Adding mixin platform agents for container SecureJarResource(avaritia)
[0610月2026 14:40:49.225] [main/DEBUG] [mixin/]: Instancing new MixinPlatformAgentMinecraftForge for SecureJarResource(avaritia)
[0610月2026 14:40:49.225] [main/DEBUG] [mixin/]: MixinPlatformAgentMinecraftForge rejected container SecureJarResource(avaritia)
[0610月2026 14:40:49.225] [main/DEBUG] [mixin/]: Instancing new MixinPlatformAgentDefault for SecureJarResource(avaritia)
[0610月2026 14:40:49.225] [main/DEBUG] [mixin/]: MixinPlatformAgentDefault accepted container SecureJarResource(avaritia)
[0610月2026 14:40:49.225] [main/DEBUG] [mixin/]: Processing prepare() for PlatformAgent[MixinPlatformAgentDefault:SecureJarResource(avaritia)]
[0610月2026 14:40:49.226] [main/DEBUG] [mixin/]: Registering mixin config: avaritia.mixins.json
[0610月2026 14:40:49.227] [main/DEBUG] [mixin/]: Adding mixin platform agents for container SecureJarResource(forge)
[0610月2026 14:40:49.227] [main/DEBUG] [mixin/]: Instancing new MixinPlatformAgentMinecraftForge for SecureJarResource(forge)
[0610月2026 14:40:49.227] [main/DEBUG] [mixin/]: MixinPlatformAgentMinecraftForge rejected container SecureJarResource(forge)
[0610月2026 14:40:49.227] [main/DEBUG] [mixin/]: Instancing new MixinPlatformAgentDefault for SecureJarResource(forge)
[0610月2026 14:40:49.227] [main/DEBUG] [mixin/]: MixinPlatformAgentDefault accepted container SecureJarResource(forge)
[0610月2026 14:40:49.227] [main/DEBUG] [mixin/]: Processing prepare() for PlatformAgent[MixinPlatformAgentDefault:SecureJarResource(forge)]
[0610月2026 14:40:49.227] [main/DEBUG] [mixin/]: Adding mixin platform agents for container SecureJarResource(avaritia_spear)
[0610月2026 14:40:49.227] [main/DEBUG] [mixin/]: Instancing new MixinPlatformAgentMinecraftForge for SecureJarResource(avaritia_spear)
[0610月2026 14:40:49.227] [main/DEBUG] [mixin/]: MixinPlatformAgentMinecraftForge rejected container SecureJarResource(avaritia_spear)
[0610月2026 14:40:49.227] [main/DEBUG] [mixin/]: Instancing new MixinPlatformAgentDefault for SecureJarResource(avaritia_spear)
[0610月2026 14:40:49.227] [main/DEBUG] [mixin/]: MixinPlatformAgentDefault accepted container SecureJarResource(avaritia_spear)
[0610月2026 14:40:49.227] [main/DEBUG] [mixin/]: Processing prepare() for PlatformAgent[MixinPlatformAgentDefault:SecureJarResource(avaritia_spear)]
[0610月2026 14:40:49.228] [main/DEBUG] [mixin/]: Adding mixin platform agents for container SecureJarResource(spearcore)
[0610月2026 14:40:49.228] [main/DEBUG] [mixin/]: Instancing new MixinPlatformAgentMinecraftForge for SecureJarResource(spearcore)
[0610月2026 14:40:49.228] [main/DEBUG] [mixin/]: MixinPlatformAgentMinecraftForge rejected container SecureJarResource(spearcore)
[0610月2026 14:40:49.228] [main/DEBUG] [mixin/]: Instancing new MixinPlatformAgentDefault for SecureJarResource(spearcore)
[0610月2026 14:40:49.228] [main/DEBUG] [mixin/]: MixinPlatformAgentDefault accepted container SecureJarResource(spearcore)
[0610月2026 14:40:49.228] [main/DEBUG] [mixin/]: Processing prepare() for PlatformAgent[MixinPlatformAgentDefault:SecureJarResource(spearcore)]
[0610月2026 14:40:49.228] [main/DEBUG] [mixin/]: Registering mixin config: spearcore.mixins.json
[0610月2026 14:40:49.230] [main/DEBUG] [mixin/]: Registering mixin config: spearcore.punchy.mixins.json
[0610月2026 14:40:49.231] [main/DEBUG] [mixin/]: inject() running with 6 agents
[0610月2026 14:40:49.231] [main/DEBUG] [mixin/]: Processing inject() for PlatformAgent[MixinPlatformAgentDefault:ModLauncher Root Container(ModLauncher:4f56a0a2)]
[0610月2026 14:40:49.233] [main/DEBUG] [mixin/]: Processing inject() for PlatformAgent[MixinPlatformAgentDefault:SecureJarResource(minecraft)]
[0610月2026 14:40:49.233] [main/DEBUG] [mixin/]: Processing inject() for PlatformAgent[MixinPlatformAgentDefault:SecureJarResource(avaritia)]
[0610月2026 14:40:49.233] [main/DEBUG] [mixin/]: Processing inject() for PlatformAgent[MixinPlatformAgentDefault:SecureJarResource(forge)]
[0610月2026 14:40:49.233] [main/DEBUG] [mixin/]: Processing inject() for PlatformAgent[MixinPlatformAgentDefault:SecureJarResource(avaritia_spear)]
[0610月2026 14:40:49.234] [main/DEBUG] [mixin/]: Processing inject() for PlatformAgent[MixinPlatformAgentDefault:SecureJarResource(spearcore)]
[0610月2026 14:40:49.234] [main/INFO] [cpw.mods.modlauncher.LaunchServiceHandler/MODLAUNCHER]: Launching target 'forgeclientuserdev' with arguments [--version, MOD_DEV, --gameDir, ., --assetsDir, C:\Users\12501\.gradle\caches\forge_gradle\assets, --assetIndex, 5]
[0610月2026 14:40:49.382] [main/DEBUG] [mixin/]: Error cleaning class output directory: .mixin.out
[0610月2026 14:40:49.385] [main/DEBUG] [mixin/]: Preparing mixins for MixinEnvironment[DEFAULT]
[0610月2026 14:40:49.386] [main/DEBUG] [mixin/]: Selecting config avaritia_spear.mixins.json
[0610月2026 14:40:49.396] [main/DEBUG] [mixin/]: Selecting config avaritia.mixins.json
[0610月2026 14:40:49.614] [main/INFO] [mixin/]: Remapping refMap avaritia.refmap.json using C:\Users\12501\MCreatorWorkspaces\avaritia_spear-1.20.1\build\createSrgToMcp\output.srg
[0610月2026 14:40:49.614] [main/DEBUG] [mixin/]: Selecting config spearcore.mixins.json
[0610月2026 14:40:49.617] [main/INFO] [mixin/]: Remapping refMap mixins.spearcore.refmap.json using C:\Users\12501\MCreatorWorkspaces\avaritia_spear-1.20.1\build\createSrgToMcp\output.srg
[0610月2026 14:40:49.617] [main/DEBUG] [mixin/]: Selecting config spearcore.punchy.mixins.json
[0610月2026 14:40:49.626] [main/DEBUG] [mixin/]: Preparing avaritia_spear.mixins.json (6)
[0610月2026 14:40:49.748] [main/DEBUG] [mixin/]: Preparing avaritia.mixins.json (13)
[0610月2026 14:40:49.765] [main/DEBUG] [net.minecraftforge.coremod.transformer.CoreModBaseTransformer/COREMOD]: Transforming net/minecraft/world/item/ItemStack
[0610月2026 14:40:49.832] [main/DEBUG] [mixin/]: Preparing spearcore.mixins.json (13)
[0610月2026 14:40:49.867] [main/DEBUG] [mixin/]: Preparing spearcore.punchy.mixins.json (2)
[0610月2026 14:40:49.905] [main/DEBUG] [mixin/]: Registering new injector for @Inject with org.spongepowered.asm.mixin.injection.struct.CallbackInjectionInfo
[0610月2026 14:40:49.909] [main/DEBUG] [mixin/]: Registering new injector for @ModifyArg with org.spongepowered.asm.mixin.injection.struct.ModifyArgInjectionInfo
[0610月2026 14:40:49.911] [main/DEBUG] [mixin/]: Registering new injector for @ModifyArgs with org.spongepowered.asm.mixin.injection.struct.ModifyArgsInjectionInfo
[0610月2026 14:40:49.914] [main/DEBUG] [mixin/]: Registering new injector for @Redirect with org.spongepowered.asm.mixin.injection.struct.RedirectInjectionInfo
[0610月2026 14:40:49.916] [main/DEBUG] [mixin/]: Registering new injector for @ModifyVariable with org.spongepowered.asm.mixin.injection.struct.ModifyVariableInjectionInfo
[0610月2026 14:40:49.919] [main/DEBUG] [mixin/]: Registering new injector for @ModifyConstant with org.spongepowered.asm.mixin.injection.struct.ModifyConstantInjectionInfo
[0610月2026 14:40:49.943] [main/DEBUG] [mixin/]: Prepared 32 mixins in 0.557 sec (17.4ms avg) (0ms load, 0ms transform, 0ms plugin)
[0610月2026 14:40:49.993] [main/DEBUG] [mixin/]: Mixing SpearCooldownAttackMixin from spearcore.mixins.json into net.minecraft.client.Minecraft
[0610月2026 14:40:50.648] [main/DEBUG] [io.netty.util.internal.logging.InternalLoggerFactory/]: Using SLF4J as the default logging framework
[0610月2026 14:40:50.650] [main/DEBUG] [io.netty.util.ResourceLeakDetector/]: -Dio.netty.leakDetection.level: simple
[0610月2026 14:40:50.650] [main/DEBUG] [io.netty.util.ResourceLeakDetector/]: -Dio.netty.leakDetection.targetRecords: 4
[0610月2026 14:40:50.806] [main/DEBUG] [oshi.util.FileUtil/]: No oshi.properties file found from ClassLoader cpw.mods.modlauncher.TransformingClassLoader@f5ce0bb
[0610月2026 14:40:51.114] [main/DEBUG] [oshi.util.FileUtil/]: No oshi.architecture.properties file found from ClassLoader cpw.mods.modlauncher.TransformingClassLoader@f5ce0bb
[0610月2026 14:40:51.183] [main/WARN] [oshi.driver.windows.perfmon.PerfmonDisabled/]: Invalid registry value type detected for PerfOS counters. Should be REG_DWORD. Ignoring: HKEY_LOCAL_MACHINE\SYSTEM\CurrentControlSet\Services\PerfOS\Performance\Disable Performance Counters.
[0610月2026 14:40:51.675] [pool-4-thread-1/DEBUG] [mixin/]: Mixing LivingEntityShieldMixin from avaritia.mixins.json into net.minecraft.world.entity.LivingEntity
[0610月2026 14:40:51.692] [pool-4-thread-1/DEBUG] [mixin/]: Mixing LivingEntitySpearMixin from spearcore.mixins.json into net.minecraft.world.entity.LivingEntity
[0610月2026 14:40:51.712] [pool-4-thread-1/DEBUG] [net.minecraftforge.coremod.transformer.CoreModBaseTransformer/COREMOD]: Transforming net/minecraft/world/effect/MobEffectInstance
[0610月2026 14:40:51.717] [pool-4-thread-1/DEBUG] [mixin/]: Mixing LivingEntitySpearClientMixin from spearcore.mixins.json into net.minecraft.world.entity.LivingEntity
[0610月2026 14:40:51.724] [pool-4-thread-1/DEBUG] [net.minecraftforge.coremod.transformer.CoreModBaseTransformer/COREMOD]: Transforming net/minecraft/world/entity/EntityType
[0610月2026 14:40:51.893] [pool-4-thread-1/DEBUG] [mixin/]: Mixing PlayerMixin from avaritia.mixins.json into net.minecraft.world.entity.player.Player
[0610月2026 14:40:51.983] [pool-4-thread-1/DEBUG] [mixin/]: Mixing ItemMixin from avaritia.mixins.json into net.minecraft.world.item.Item
[0610月2026 14:40:52.000] [pool-4-thread-1/DEBUG] [mixin/]: Mixing ItemInitializeClientMixin from spearcore.mixins.json into net.minecraft.world.item.Item
[0610月2026 14:40:52.045] [pool-4-thread-1/DEBUG] [net.minecraftforge.coremod.transformer.CoreModBaseTransformer/COREMOD]: Transforming net/minecraft/world/entity/EntityType
[0610月2026 14:40:52.510] [pool-4-thread-1/DEBUG] [net.minecraftforge.coremod.transformer.CoreModBaseTransformer/COREMOD]: Transforming net/minecraft/world/level/block/LiquidBlock
[0610月2026 14:40:52.535] [pool-4-thread-1/DEBUG] [net.minecraftforge.coremod.transformer.CoreModBaseTransformer/COREMOD]: Transforming net/minecraft/world/level/block/StairBlock
[0610月2026 14:40:52.578] [pool-4-thread-1/DEBUG] [mixin/]: Mixing NetherWartBlockMixin from avaritia.mixins.json into net.minecraft.world.level.block.NetherWartBlock
[0610月2026 14:40:52.619] [pool-4-thread-1/DEBUG] [net.minecraftforge.coremod.transformer.CoreModBaseTransformer/COREMOD]: Transforming net/minecraft/world/level/block/FlowerPotBlock
[0610月2026 14:40:53.148] [pool-4-thread-1/DEBUG] [mixin/]: Mixing MobSpearMixin from spearcore.mixins.json into net.minecraft.world.entity.Mob
[0610月2026 14:40:53.149] [pool-4-thread-1/DEBUG] [mixin/]: Renaming synthetic method lambda$static$2()Lnet/minecraft/world/item/ItemStack; to mde4f2bd$lambda$static$2$0 in spearcore.mixins.json:MobSpearMixin
[0610月2026 14:40:53.149] [pool-4-thread-1/DEBUG] [mixin/]: Renaming synthetic method lambda$static$1()Lnet/minecraft/world/item/ItemStack; to mde4f2bd$lambda$static$1$1 in spearcore.mixins.json:MobSpearMixin
[0610月2026 14:40:53.149] [pool-4-thread-1/DEBUG] [mixin/]: Renaming synthetic method lambda$static$0()Lnet/minecraft/world/item/ItemStack; to mde4f2bd$lambda$static$0$2 in spearcore.mixins.json:MobSpearMixin
[0610月2026 14:40:53.261] [pool-4-thread-1/DEBUG] [net.minecraftforge.coremod.transformer.CoreModBaseTransformer/COREMOD]: Transforming net/minecraft/world/item/ItemStack
[0610月2026 14:40:53.263] [pool-4-thread-1/DEBUG] [mixin/]: Mixing ItemStackMixin from avaritia.mixins.json into net.minecraft.world.item.ItemStack
[0610月2026 14:40:53.723] [pool-4-thread-1/DEBUG] [net.minecraftforge.coremod.transformer.CoreModBaseTransformer/COREMOD]: Transforming net/minecraft/world/entity/animal/frog/Tadpole
[0610月2026 14:40:53.761] [pool-4-thread-1/DEBUG] [net.minecraftforge.coremod.transformer.CoreModBaseTransformer/COREMOD]: Transforming net/minecraft/world/item/BucketItem
[0610月2026 14:40:53.820] [pool-4-thread-1/DEBUG] [mixin/]: Mixing SpearItemLungeMixin from avaritia_spear.mixins.json into net.minecraft.spearcore.item.SpearItem
[0610月2026 14:40:53.821] [pool-4-thread-1/DEBUG] [mixin/]: Renaming synthetic method lambda$checkInitEnchantLunge$0(Lnet/minecraft/world/entity/LivingEntity;)V to mde4f2bd$lambda$checkInitEnchantLunge$0$0 in avaritia_spear.mixins.json:SpearItemLungeMixin
[0610月2026 14:40:53.832] [pool-4-thread-1/DEBUG] [mixin/]: Mixing SpearCollisionInfinityMixin from avaritia_spear.mixins.json into net.minecraft.spearcore.item.SpearItem
[0610月2026 14:40:54.773] [pool-4-thread-1/DEBUG] [net.minecraftforge.coremod.transformer.CoreModBaseTransformer/COREMOD]: Transforming net/minecraft/world/entity/monster/Spider
[0610月2026 14:40:54.821] [Datafixer Bootstrap/INFO] [com.mojang.datafixers.DataFixerBuilder/]: 188 Datafixer optimizations took 198 milliseconds
[0610月2026 14:40:54.857] [pool-4-thread-1/DEBUG] [net.minecraftforge.coremod.transformer.CoreModBaseTransformer/COREMOD]: Transforming net/minecraft/world/entity/monster/Zombie
[0610月2026 14:40:54.878] [pool-4-thread-1/DEBUG] [net.minecraftforge.coremod.transformer.CoreModBaseTransformer/COREMOD]: Transforming net/minecraft/world/entity/monster/ZombieVillager
[0610月2026 14:40:54.950] [pool-4-thread-1/DEBUG] [net.minecraftforge.coremod.transformer.CoreModBaseTransformer/COREMOD]: Transforming net/minecraft/world/entity/monster/Evoker$EvokerSummonSpellGoal
[0610月2026 14:40:55.150] [pool-4-thread-1/DEBUG] [net.minecraftforge.coremod.transformer.CoreModBaseTransformer/COREMOD]: Transforming net/minecraft/world/entity/animal/horse/SkeletonTrapGoal
[0610月2026 14:40:55.170] [pool-4-thread-1/DEBUG] [net.minecraftforge.coremod.transformer.CoreModBaseTransformer/COREMOD]: Transforming net/minecraft/world/entity/monster/Strider
[0610月2026 14:40:55.270] [pool-4-thread-1/DEBUG] [mixin/]: Mixing ServerPlayerMotionMixin from spearcore.mixins.json into net.minecraft.server.level.ServerPlayer
[0610月2026 14:40:55.320] [pool-4-thread-1/DEBUG] [net.minecraftforge.coremod.transformer.CoreModBaseTransformer/COREMOD]: Transforming net/minecraft/world/entity/npc/Villager
[0610月2026 14:40:55.426] [pool-4-thread-1/DEBUG] [net.minecraftforge.coremod.transformer.CoreModBaseTransformer/COREMOD]: Transforming net/minecraft/world/effect/MobEffectInstance
[0610月2026 14:40:55.473] [pool-4-thread-1/DEBUG] [mixin/]: Mixing ServerGamePacketListenerSpearMixin from spearcore.mixins.json into net.minecraft.server.network.ServerGamePacketListenerImpl
[0610月2026 14:40:55.535] [pool-4-thread-1/DEBUG] [mixin/]: Mixing FrostWalkerEnchantmentMixin from avaritia.mixins.json into net.minecraft.world.item.enchantment.FrostWalkerEnchantment
[0610月2026 14:40:55.840] [pool-4-thread-1/DEBUG] [net.minecraftforge.coremod.transformer.CoreModBaseTransformer/COREMOD]: Transforming net/minecraft/world/level/levelgen/structure/Structure
[0610月2026 14:40:55.866] [pool-4-thread-1/DEBUG] [net.minecraftforge.coremod.transformer.CoreModBaseTransformer/COREMOD]: Transforming net/minecraft/world/level/levelgen/structure/structures/OceanRuinPieces$OceanRuinPiece
[0610月2026 14:40:55.878] [pool-4-thread-1/DEBUG] [net.minecraftforge.coremod.transformer.CoreModBaseTransformer/COREMOD]: Transforming net/minecraft/world/level/levelgen/structure/structures/SwampHutPiece
[0610月2026 14:40:55.884] [pool-4-thread-1/DEBUG] [net.minecraftforge.coremod.transformer.CoreModBaseTransformer/COREMOD]: Transforming net/minecraft/world/level/levelgen/structure/structures/OceanMonumentPieces$OceanMonumentPiece
[0610月2026 14:40:55.897] [pool-4-thread-1/DEBUG] [net.minecraftforge.coremod.transformer.CoreModBaseTransformer/COREMOD]: Transforming net/minecraft/world/level/levelgen/structure/structures/WoodlandMansionPieces$WoodlandMansionPiece
[0610月2026 14:40:55.979] [pool-4-thread-1/DEBUG] [net.minecraftforge.coremod.transformer.CoreModBaseTransformer/COREMOD]: Transforming net/minecraft/world/level/biome/Biome
[0610月2026 14:40:56.110] [pool-4-thread-1/DEBUG] [net.minecraftforge.registries.GameData/REGISTRIES]: Creating vanilla freeze snapshot
[0610月2026 14:40:56.113] [pool-4-thread-1/DEBUG] [net.minecraftforge.registries.ForgeRegistry/REGISTRIES]: Registry minecraft:block Sync: VANILLA -> ACTIVE
[0610月2026 14:40:56.122] [pool-4-thread-1/DEBUG] [net.minecraftforge.registries.ForgeRegistry/REGISTRIES]: Registry minecraft:fluid Sync: VANILLA -> ACTIVE
[0610月2026 14:40:56.122] [pool-4-thread-1/DEBUG] [net.minecraftforge.registries.ForgeRegistry/REGISTRIES]: Registry minecraft:item Sync: VANILLA -> ACTIVE
[0610月2026 14:40:56.131] [pool-4-thread-1/DEBUG] [net.minecraftforge.registries.ForgeRegistry/REGISTRIES]: Registry minecraft:mob_effect Sync: VANILLA -> ACTIVE
[0610月2026 14:40:56.131] [pool-4-thread-1/DEBUG] [net.minecraftforge.registries.ForgeRegistry/REGISTRIES]: Registry minecraft:sound_event Sync: VANILLA -> ACTIVE
[0610月2026 14:40:56.138] [pool-4-thread-1/DEBUG] [net.minecraftforge.registries.ForgeRegistry/REGISTRIES]: Registry minecraft:potion Sync: VANILLA -> ACTIVE
[0610月2026 14:40:56.138] [pool-4-thread-1/DEBUG] [net.minecraftforge.registries.ForgeRegistry/REGISTRIES]: Registry minecraft:enchantment Sync: VANILLA -> ACTIVE
[0610月2026 14:40:56.139] [pool-4-thread-1/DEBUG] [net.minecraftforge.registries.ForgeRegistry/REGISTRIES]: Registry minecraft:entity_type Sync: VANILLA -> ACTIVE
[0610月2026 14:40:56.139] [pool-4-thread-1/DEBUG] [net.minecraftforge.registries.ForgeRegistry/REGISTRIES]: Registry minecraft:block_entity_type Sync: VANILLA -> ACTIVE
[0610月2026 14:40:56.139] [pool-4-thread-1/DEBUG] [net.minecraftforge.registries.ForgeRegistry/REGISTRIES]: Registry minecraft:particle_type Sync: VANILLA -> ACTIVE
[0610月2026 14:40:56.139] [pool-4-thread-1/DEBUG] [net.minecraftforge.registries.ForgeRegistry/REGISTRIES]: Registry minecraft:menu Sync: VANILLA -> ACTIVE
[0610月2026 14:40:56.140] [pool-4-thread-1/DEBUG] [net.minecraftforge.registries.ForgeRegistry/REGISTRIES]: Registry minecraft:painting_variant Sync: VANILLA -> ACTIVE
[0610月2026 14:40:56.140] [pool-4-thread-1/DEBUG] [net.minecraftforge.registries.ForgeRegistry/REGISTRIES]: Registry minecraft:recipe_type Sync: VANILLA -> ACTIVE
[0610月2026 14:40:56.140] [pool-4-thread-1/DEBUG] [net.minecraftforge.registries.ForgeRegistry/REGISTRIES]: Registry minecraft:recipe_serializer Sync: VANILLA -> ACTIVE
[0610月2026 14:40:56.140] [pool-4-thread-1/DEBUG] [net.minecraftforge.registries.ForgeRegistry/REGISTRIES]: Registry minecraft:attribute Sync: VANILLA -> ACTIVE
[0610月2026 14:40:56.140] [pool-4-thread-1/DEBUG] [net.minecraftforge.registries.ForgeRegistry/REGISTRIES]: Registry minecraft:stat_type Sync: VANILLA -> ACTIVE
[0610月2026 14:40:56.140] [pool-4-thread-1/DEBUG] [net.minecraftforge.registries.ForgeRegistry/REGISTRIES]: Registry minecraft:command_argument_type Sync: VANILLA -> ACTIVE
[0610月2026 14:40:56.140] [pool-4-thread-1/DEBUG] [net.minecraftforge.registries.ForgeRegistry/REGISTRIES]: Registry minecraft:villager_profession Sync: VANILLA -> ACTIVE
[0610月2026 14:40:56.140] [pool-4-thread-1/DEBUG] [net.minecraftforge.registries.ForgeRegistry/REGISTRIES]: Registry minecraft:point_of_interest_type Sync: VANILLA -> ACTIVE
[0610月2026 14:40:56.141] [pool-4-thread-1/DEBUG] [net.minecraftforge.registries.ForgeRegistry/REGISTRIES]: Registry minecraft:memory_module_type Sync: VANILLA -> ACTIVE
[0610月2026 14:40:56.141] [pool-4-thread-1/DEBUG] [net.minecraftforge.registries.ForgeRegistry/REGISTRIES]: Registry minecraft:sensor_type Sync: VANILLA -> ACTIVE
[0610月2026 14:40:56.143] [pool-4-thread-1/DEBUG] [net.minecraftforge.registries.ForgeRegistry/REGISTRIES]: Registry minecraft:schedule Sync: VANILLA -> ACTIVE
[0610月2026 14:40:56.143] [pool-4-thread-1/DEBUG] [net.minecraftforge.registries.ForgeRegistry/REGISTRIES]: Registry minecraft:activity Sync: VANILLA -> ACTIVE
[0610月2026 14:40:56.143] [pool-4-thread-1/DEBUG] [net.minecraftforge.registries.ForgeRegistry/REGISTRIES]: Registry minecraft:worldgen/carver Sync: VANILLA -> ACTIVE
[0610月2026 14:40:56.143] [pool-4-thread-1/DEBUG] [net.minecraftforge.registries.ForgeRegistry/REGISTRIES]: Registry minecraft:worldgen/feature Sync: VANILLA -> ACTIVE
[0610月2026 14:40:56.143] [pool-4-thread-1/DEBUG] [net.minecraftforge.registries.ForgeRegistry/REGISTRIES]: Registry minecraft:chunk_status Sync: VANILLA -> ACTIVE
[0610月2026 14:40:56.144] [pool-4-thread-1/DEBUG] [net.minecraftforge.registries.ForgeRegistry/REGISTRIES]: Registry minecraft:worldgen/block_state_provider_type Sync: VANILLA -> ACTIVE
[0610月2026 14:40:56.144] [pool-4-thread-1/DEBUG] [net.minecraftforge.registries.ForgeRegistry/REGISTRIES]: Registry minecraft:worldgen/foliage_placer_type Sync: VANILLA -> ACTIVE
[0610月2026 14:40:56.144] [pool-4-thread-1/DEBUG] [net.minecraftforge.registries.ForgeRegistry/REGISTRIES]: Registry minecraft:worldgen/tree_decorator_type Sync: VANILLA -> ACTIVE
[0610月2026 14:40:56.144] [pool-4-thread-1/DEBUG] [net.minecraftforge.registries.ForgeRegistry/REGISTRIES]: Registry minecraft:worldgen/biome Sync: VANILLA -> ACTIVE
[0610月2026 14:40:56.149] [pool-4-thread-1/DEBUG] [net.minecraftforge.registries.GameData/REGISTRIES]: Vanilla freeze snapshot created
[0610月2026 14:40:56.466] [Render thread/DEBUG] [mixin/]: Mixing LocalPlayerMixin from avaritia.mixins.json into net.minecraft.client.player.LocalPlayer
[0610月2026 14:40:56.466] [Render thread/DEBUG] [mixin/]: Mixing LocalPlayerInputMixin from spearcore.mixins.json into net.minecraft.client.player.LocalPlayer
[0610月2026 14:40:56.489] [Render thread/DEBUG] [mixin/]: Mixing LocalPlayerFovMixin from spearcore.mixins.json into net.minecraft.client.player.AbstractClientPlayer
[0610月2026 14:40:56.571] [Render thread/WARN] [net.minecraft.server.packs.VanillaPackResourcesBuilder/]: Assets URL 'union:/C:/Users/12501/.gradle/caches/forge_gradle/minecraft_user_repo/net/minecraftforge/forge/1.20.1-47.3.0_mapped_official_1.20.1/forge-1.20.1-47.3.0_mapped_official_1.20.1.jar%23193!/assets/.mcassetsroot' uses unexpected schema
[0610月2026 14:40:56.571] [Render thread/WARN] [net.minecraft.server.packs.VanillaPackResourcesBuilder/]: Assets URL 'union:/C:/Users/12501/.gradle/caches/forge_gradle/minecraft_user_repo/net/minecraftforge/forge/1.20.1-47.3.0_mapped_official_1.20.1/forge-1.20.1-47.3.0_mapped_official_1.20.1.jar%23193!/data/.mcassetsroot' uses unexpected schema
[0610月2026 14:40:56.613] [Render thread/INFO] [com.mojang.authlib.yggdrasil.YggdrasilAuthenticationService/]: Environment: authHost='https://authserver.mojang.com', accountsHost='https://api.mojang.com', sessionHost='https://sessionserver.mojang.com', servicesHost='https://api.minecraftservices.com', name='PROD'
[0610月2026 14:40:56.627] [Render thread/INFO] [net.minecraft.client.Minecraft/]: Setting user: Dev
[0610月2026 14:40:56.726] [Render thread/INFO] [net.minecraft.client.Minecraft/]: Backend library: LWJGL version 3.3.1 build 7
[0610月2026 14:40:56.965] [Render thread/DEBUG] [net.minecraftforge.common.ForgeI18n/CORE]: Loading I18N data entries: 6430
[0610月2026 14:40:56.988] [Render thread/DEBUG] [net.minecraftforge.fml.ModWorkManager/LOADING]: Using 20 threads for parallel mod-loading
[0610月2026 14:40:57.005] [Render thread/DEBUG] [net.minecraftforge.fml.javafmlmod.FMLJavaModLanguageProvider/LOADING]: Loading FMLModContainer from classloader cpw.mods.modlauncher.TransformingClassLoader@f5ce0bb - got cpw.mods.cl.ModuleClassLoader@1cbb3d3b
[0610月2026 14:40:57.005] [Render thread/DEBUG] [net.minecraftforge.fml.javafmlmod.FMLModContainer/LOADING]: Creating FMLModContainer instance for committee.nova.mods.avaritia.Avaritia
[0610月2026 14:40:57.014] [Render thread/DEBUG] [net.minecraftforge.fml.javafmlmod.FMLJavaModLanguageProvider/LOADING]: Loading FMLModContainer from classloader cpw.mods.modlauncher.TransformingClassLoader@f5ce0bb - got cpw.mods.cl.ModuleClassLoader@1cbb3d3b
[0610月2026 14:40:57.014] [Render thread/DEBUG] [net.minecraftforge.fml.javafmlmod.FMLModContainer/LOADING]: Creating FMLModContainer instance for net.minecraftforge.common.ForgeMod
[0610月2026 14:40:57.017] [Render thread/DEBUG] [net.minecraftforge.fml.javafmlmod.FMLJavaModLanguageProvider/LOADING]: Loading FMLModContainer from classloader cpw.mods.modlauncher.TransformingClassLoader@f5ce0bb - got cpw.mods.cl.ModuleClassLoader@1cbb3d3b
[0610月2026 14:40:57.017] [Render thread/DEBUG] [net.minecraftforge.fml.javafmlmod.FMLModContainer/LOADING]: Creating FMLModContainer instance for net.avaritia.avaritiaspear.AvaritiaSpearMod
[0610月2026 14:40:57.019] [Render thread/DEBUG] [net.minecraftforge.fml.javafmlmod.FMLJavaModLanguageProvider/LOADING]: Loading FMLModContainer from classloader cpw.mods.modlauncher.TransformingClassLoader@f5ce0bb - got cpw.mods.cl.ModuleClassLoader@1cbb3d3b
[0610月2026 14:40:57.019] [Render thread/DEBUG] [net.minecraftforge.fml.javafmlmod.FMLModContainer/LOADING]: Creating FMLModContainer instance for net.minecraft.spearcore.SpearcoreMod
[0610月2026 14:40:57.067] [modloading-worker-0/DEBUG] [net.minecraftforge.fml.config.ConfigTracker/CONFIG]: Config file avaritia-common.toml for avaritia tracking
[0610月2026 14:40:57.068] [modloading-worker-0/DEBUG] [net.minecraftforge.versions.forge.ForgeVersion/CORE]: Forge Version package package net.minecraftforge.versions.forge, Forge, version 47.3 from cpw.mods.modlauncher.TransformingClassLoader@f5ce0bb
[0610月2026 14:40:57.068] [modloading-worker-0/DEBUG] [net.minecraftforge.versions.forge.ForgeVersion/CORE]: Found Forge version 47.3.0
[0610月2026 14:40:57.069] [modloading-worker-0/DEBUG] [net.minecraftforge.versions.forge.ForgeVersion/CORE]: Found Forge spec 47.3
[0610月2026 14:40:57.069] [modloading-worker-0/DEBUG] [net.minecraftforge.versions.forge.ForgeVersion/CORE]: Found Forge group net.minecraftforge
[0610月2026 14:40:57.070] [modloading-worker-0/DEBUG] [net.minecraftforge.versions.mcp.MCPVersion/CORE]: MCP Version package package net.minecraftforge.versions.mcp, Minecraft, version 1.20.1 from cpw.mods.modlauncher.TransformingClassLoader@f5ce0bb
[0610月2026 14:40:57.071] [modloading-worker-0/DEBUG] [net.minecraftforge.versions.mcp.MCPVersion/CORE]: Found MC version information 1.20.1
[0610月2026 14:40:57.071] [modloading-worker-0/DEBUG] [net.minecraftforge.versions.mcp.MCPVersion/CORE]: Found MCP version information 20230612.114412
[0610月2026 14:40:57.071] [modloading-worker-0/INFO] [net.minecraftforge.common.ForgeMod/FORGEMOD]: Forge mod loading, version 47.3.0, for MC 1.20.1 with MCP 20230612.114412
[0610月2026 14:40:57.071] [modloading-worker-0/INFO] [net.minecraftforge.common.MinecraftForge/FORGE]: MinecraftForge v47.3.0 Initialized
[0610月2026 14:40:57.136] [modloading-worker-0/DEBUG] [net.minecraftforge.fml.javafmlmod.AutomaticEventSubscriber/LOADING]: Attempting to inject @EventBusSubscriber classes into the eventbus for avaritia_spear
[0610月2026 14:40:57.151] [modloading-worker-0/DEBUG] [net.minecraftforge.fml.javafmlmod.AutomaticEventSubscriber/LOADING]: Auto-subscribing net.avaritia.avaritiaspear.client.AvaritiaSpearClient to MOD
[0610月2026 14:40:57.184] [modloading-worker-0/DEBUG] [net.minecraftforge.fml.javafmlmod.AutomaticEventSubscriber/LOADING]: Auto-subscribing net.avaritia.avaritiaspear.init.CreativeTab to MOD
[0610月2026 14:40:57.197] [modloading-worker-0/DEBUG] [net.minecraftforge.fml.config.ConfigTracker/CONFIG]: Config file spearcore-common.toml for spearcore tracking
[0610月2026 14:40:57.199] [modloading-worker-0/DEBUG] [net.minecraftforge.fml.javafmlmod.AutomaticEventSubscriber/LOADING]: Attempting to inject @EventBusSubscriber classes into the eventbus for spearcore
[0610月2026 14:40:57.199] [modloading-worker-0/DEBUG] [net.minecraftforge.fml.javafmlmod.AutomaticEventSubscriber/LOADING]: Auto-subscribing net.minecraft.spearcore.init.CreativeTab to MOD
[0610月2026 14:40:57.201] [modloading-worker-0/DEBUG] [net.minecraftforge.fml.javafmlmod.AutomaticEventSubscriber/LOADING]: Auto-subscribing net.minecraft.spearcore.gametest.SpearGameTests to MOD
[0610月2026 14:40:57.220] [modloading-worker-0/DEBUG] [net.minecraftforge.fml.javafmlmod.AutomaticEventSubscriber/LOADING]: Auto-subscribing net.minecraft.spearcore.event.SpearAttackHandler to FORGE
[0610月2026 14:40:57.221] [modloading-worker-0/DEBUG] [mixin/]: Mixing SpearAttackHandlerInfinityMixin from avaritia_spear.mixins.json into net.minecraft.spearcore.event.SpearAttackHandler
[0610月2026 14:40:57.230] [modloading-worker-0/DEBUG] [net.minecraftforge.fml.javafmlmod.AutomaticEventSubscriber/LOADING]: Auto-subscribing net.minecraft.spearcore.client.SpearClientStabHandler to FORGE
[0610月2026 14:40:57.237] [modloading-worker-0/DEBUG] [net.minecraftforge.fml.javafmlmod.AutomaticEventSubscriber/LOADING]: Auto-subscribing net.minecraft.spearcore.client.SpearChargeHandler to FORGE
[0610月2026 14:40:57.243] [modloading-worker-0/DEBUG] [io.netty.util.internal.PlatformDependent0/]: -Dio.netty.noUnsafe: false
[0610月2026 14:40:57.243] [modloading-worker-0/DEBUG] [io.netty.util.internal.PlatformDependent0/]: Java version: 17
[0610月2026 14:40:57.246] [modloading-worker-0/DEBUG] [io.netty.util.internal.PlatformDependent0/]: sun.misc.Unsafe.theUnsafe: available
[0610月2026 14:40:57.247] [modloading-worker-0/DEBUG] [io.netty.util.internal.PlatformDependent0/]: sun.misc.Unsafe.copyMemory: available
[0610月2026 14:40:57.248] [modloading-worker-0/DEBUG] [io.netty.util.internal.PlatformDependent0/]: sun.misc.Unsafe.storeFence: available
[0610月2026 14:40:57.249] [modloading-worker-0/DEBUG] [io.netty.util.internal.PlatformDependent0/]: java.nio.Buffer.address: available
[0610月2026 14:40:57.250] [modloading-worker-0/DEBUG] [io.netty.util.internal.PlatformDependent0/]: direct buffer constructor: unavailable
java.lang.UnsupportedOperationException: Reflective setAccessible(true) disabled
	at io.netty.util.internal.ReflectionUtil.trySetAccessible(ReflectionUtil.java:31) ~[netty-common-4.1.82.Final.jar%23151!/:4.1.82.Final]
	at io.netty.util.internal.PlatformDependent0$5.run(PlatformDependent0.java:288) ~[netty-common-4.1.82.Final.jar%23151!/:4.1.82.Final]
	at java.security.AccessController.doPrivileged(AccessController.java:318) ~[?:?]
	at io.netty.util.internal.PlatformDependent0.<clinit>(PlatformDependent0.java:282) ~[netty-common-4.1.82.Final.jar%23151!/:4.1.82.Final]
	at io.netty.util.internal.PlatformDependent.isAndroid(PlatformDependent.java:333) ~[netty-common-4.1.82.Final.jar%23151!/:4.1.82.Final]
	at io.netty.util.internal.PlatformDependent.<clinit>(PlatformDependent.java:88) ~[netty-common-4.1.82.Final.jar%23151!/:4.1.82.Final]
	at io.netty.util.ConstantPool.<init>(ConstantPool.java:34) ~[netty-common-4.1.82.Final.jar%23151!/:4.1.82.Final]
	at io.netty.util.AttributeKey$1.<init>(AttributeKey.java:27) ~[netty-common-4.1.82.Final.jar%23151!/:4.1.82.Final]
	at io.netty.util.AttributeKey.<clinit>(AttributeKey.java:27) ~[netty-common-4.1.82.Final.jar%23151!/:4.1.82.Final]
	at net.minecraftforge.network.NetworkConstants.<clinit>(NetworkConstants.java:34) ~[forge-1.20.1-47.3.0_mapped_official_1.20.1.jar%23192%23199!/:?]
	at net.minecraftforge.common.ForgeMod.<init>(ForgeMod.java:429) ~[forge-1.20.1-47.3.0_mapped_official_1.20.1.jar%23192%23199!/:?]
	at jdk.internal.reflect.NativeConstructorAccessorImpl.newInstance0(Native Method) ~[?:?]
	at jdk.internal.reflect.NativeConstructorAccessorImpl.newInstance(NativeConstructorAccessorImpl.java:77) ~[?:?]
	at jdk.internal.reflect.DelegatingConstructorAccessorImpl.newInstance(DelegatingConstructorAccessorImpl.java:45) ~[?:?]
	at java.lang.reflect.Constructor.newInstanceWithCaller(Constructor.java:500) ~[?:?]
	at java.lang.reflect.Constructor.newInstance(Constructor.java:481) ~[?:?]
	at net.minecraftforge.fml.javafmlmod.FMLModContainer.constructMod(FMLModContainer.java:70) ~[javafmllanguage-1.20.1-47.3.0.jar%23194!/:?]
	at net.minecraftforge.fml.ModContainer.lambda$buildTransitionHandler$4(ModContainer.java:124) ~[fmlcore-1.20.1-47.3.0.jar%23197!/:?]
	at java.util.concurrent.CompletableFuture$AsyncRun.run(CompletableFuture.java:1804) ~[?:?]
	at java.util.concurrent.CompletableFuture$AsyncRun.exec(CompletableFuture.java:1796) ~[?:?]
	at java.util.concurrent.ForkJoinTask.doExec(ForkJoinTask.java:373) ~[?:?]
	at java.util.concurrent.ForkJoinPool$WorkQueue.topLevelExec(ForkJoinPool.java:1182) ~[?:?]
	at java.util.concurrent.ForkJoinPool.scan(ForkJoinPool.java:1655) ~[?:?]
	at java.util.concurrent.ForkJoinPool.runWorker(ForkJoinPool.java:1622) ~[?:?]
	at java.util.concurrent.ForkJoinWorkerThread.run(ForkJoinWorkerThread.java:165) ~[?:?]
[0610月2026 14:40:57.252] [modloading-worker-0/DEBUG] [io.netty.util.internal.PlatformDependent0/]: java.nio.Bits.unaligned: available, true
[0610月2026 14:40:57.254] [modloading-worker-0/DEBUG] [io.netty.util.internal.PlatformDependent0/]: jdk.internal.misc.Unsafe.allocateUninitializedArray(int): unavailable
java.lang.IllegalAccessException: class io.netty.util.internal.PlatformDependent0$7 (in module io.netty.common) cannot access class jdk.internal.misc.Unsafe (in module java.base) because module java.base does not export jdk.internal.misc to module io.netty.common
	at jdk.internal.reflect.Reflection.newIllegalAccessException(Reflection.java:392) ~[?:?]
	at java.lang.reflect.AccessibleObject.checkAccess(AccessibleObject.java:674) ~[?:?]
	at java.lang.reflect.Method.invoke(Method.java:561) ~[?:?]
	at io.netty.util.internal.PlatformDependent0$7.run(PlatformDependent0.java:410) ~[netty-common-4.1.82.Final.jar%23151!/:4.1.82.Final]
	at java.security.AccessController.doPrivileged(AccessController.java:318) ~[?:?]
	at io.netty.util.internal.PlatformDependent0.<clinit>(PlatformDependent0.java:401) ~[netty-common-4.1.82.Final.jar%23151!/:4.1.82.Final]
	at io.netty.util.internal.PlatformDependent.isAndroid(PlatformDependent.java:333) ~[netty-common-4.1.82.Final.jar%23151!/:4.1.82.Final]
	at io.netty.util.internal.PlatformDependent.<clinit>(PlatformDependent.java:88) ~[netty-common-4.1.82.Final.jar%23151!/:4.1.82.Final]
	at io.netty.util.ConstantPool.<init>(ConstantPool.java:34) ~[netty-common-4.1.82.Final.jar%23151!/:4.1.82.Final]
	at io.netty.util.AttributeKey$1.<init>(AttributeKey.java:27) ~[netty-common-4.1.82.Final.jar%23151!/:4.1.82.Final]
	at io.netty.util.AttributeKey.<clinit>(AttributeKey.java:27) ~[netty-common-4.1.82.Final.jar%23151!/:4.1.82.Final]
	at net.minecraftforge.network.NetworkConstants.<clinit>(NetworkConstants.java:34) ~[forge-1.20.1-47.3.0_mapped_official_1.20.1.jar%23192%23199!/:?]
	at net.minecraftforge.common.ForgeMod.<init>(ForgeMod.java:429) ~[forge-1.20.1-47.3.0_mapped_official_1.20.1.jar%23192%23199!/:?]
	at jdk.internal.reflect.NativeConstructorAccessorImpl.newInstance0(Native Method) ~[?:?]
	at jdk.internal.reflect.NativeConstructorAccessorImpl.newInstance(NativeConstructorAccessorImpl.java:77) ~[?:?]
	at jdk.internal.reflect.DelegatingConstructorAccessorImpl.newInstance(DelegatingConstructorAccessorImpl.java:45) ~[?:?]
	at java.lang.reflect.Constructor.newInstanceWithCaller(Constructor.java:500) ~[?:?]
	at java.lang.reflect.Constructor.newInstance(Constructor.java:481) ~[?:?]
	at net.minecraftforge.fml.javafmlmod.FMLModContainer.constructMod(FMLModContainer.java:70) ~[javafmllanguage-1.20.1-47.3.0.jar%23194!/:?]
	at net.minecraftforge.fml.ModContainer.lambda$buildTransitionHandler$4(ModContainer.java:124) ~[fmlcore-1.20.1-47.3.0.jar%23197!/:?]
	at java.util.concurrent.CompletableFuture$AsyncRun.run(CompletableFuture.java:1804) ~[?:?]
	at java.util.concurrent.CompletableFuture$AsyncRun.exec(CompletableFuture.java:1796) ~[?:?]
	at java.util.concurrent.ForkJoinTask.doExec(ForkJoinTask.java:373) ~[?:?]
	at java.util.concurrent.ForkJoinPool$WorkQueue.topLevelExec(ForkJoinPool.java:1182) ~[?:?]
	at java.util.concurrent.ForkJoinPool.scan(ForkJoinPool.java:1655) ~[?:?]
	at java.util.concurrent.ForkJoinPool.runWorker(ForkJoinPool.java:1622) ~[?:?]
	at java.util.concurrent.ForkJoinWorkerThread.run(ForkJoinWorkerThread.java:165) ~[?:?]
[0610月2026 14:40:57.256] [modloading-worker-0/DEBUG] [io.netty.util.internal.PlatformDependent0/]: java.nio.DirectByteBuffer.<init>(long, int): unavailable
[0610月2026 14:40:57.257] [modloading-worker-0/DEBUG] [io.netty.util.internal.PlatformDependent/]: sun.misc.Unsafe: available
[0610月2026 14:40:57.259] [modloading-worker-0/DEBUG] [io.netty.util.internal.PlatformDependent/]: maxDirectMemory: 12842958848 bytes (maybe)
[0610月2026 14:40:57.259] [modloading-worker-0/DEBUG] [io.netty.util.internal.PlatformDependent/]: -Dio.netty.tmpdir: C:\Users\12501\AppData\Local\Temp (java.io.tmpdir)
[0610月2026 14:40:57.259] [modloading-worker-0/DEBUG] [io.netty.util.internal.PlatformDependent/]: -Dio.netty.bitMode: 64 (sun.arch.data.model)
[0610月2026 14:40:57.259] [modloading-worker-0/DEBUG] [io.netty.util.internal.PlatformDependent/]: Platform: Windows
[0610月2026 14:40:57.262] [modloading-worker-0/DEBUG] [io.netty.util.internal.PlatformDependent/]: -Dio.netty.maxDirectMemory: -1 bytes
[0610月2026 14:40:57.262] [modloading-worker-0/DEBUG] [io.netty.util.internal.PlatformDependent/]: -Dio.netty.uninitializedArrayAllocationThreshold: -1
[0610月2026 14:40:57.265] [modloading-worker-0/DEBUG] [io.netty.util.internal.CleanerJava9/]: java.nio.ByteBuffer.cleaner(): available
[0610月2026 14:40:57.266] [modloading-worker-0/DEBUG] [io.netty.util.internal.PlatformDependent/]: -Dio.netty.noPreferDirect: false
[0610月2026 14:40:57.360] [modloading-worker-0/DEBUG] [net.minecraftforge.common.ForgeMod/FORGEMOD]: Loading Network data for FML net version: FML3
[0610月2026 14:40:57.391] [modloading-worker-0/DEBUG] [net.minecraftforge.fml.config.ConfigTracker/CONFIG]: Config file forge-client.toml for forge tracking
[0610月2026 14:40:57.391] [modloading-worker-0/DEBUG] [net.minecraftforge.fml.config.ConfigTracker/CONFIG]: Config file forge-server.toml for forge tracking
[0610月2026 14:40:57.391] [modloading-worker-0/DEBUG] [net.minecraftforge.fml.ModLoadingContext/]: Attempted to register an empty config for type COMMON on mod forge
[0610月2026 14:40:57.419] [modloading-worker-0/DEBUG] [mixin/]: Mixing ReloadableServerResourcesMixin from avaritia.mixins.json into net.minecraft.server.ReloadableServerResources
[0610月2026 14:40:57.451] [modloading-worker-0/DEBUG] [net.minecraftforge.fml.javafmlmod.AutomaticEventSubscriber/LOADING]: Attempting to inject @EventBusSubscriber classes into the eventbus for forge
[0610月2026 14:40:57.452] [modloading-worker-0/DEBUG] [net.minecraftforge.fml.javafmlmod.AutomaticEventSubscriber/LOADING]: Auto-subscribing net.minecraftforge.common.ForgeSpawnEggItem$CommonHandler to MOD
[0610月2026 14:40:57.455] [modloading-worker-0/DEBUG] [net.minecraftforge.fml.javafmlmod.AutomaticEventSubscriber/LOADING]: Auto-subscribing net.minecraftforge.common.ForgeSpawnEggItem$ColorRegisterHandler to MOD
[0610月2026 14:40:57.464] [modloading-worker-0/DEBUG] [net.minecraftforge.fml.javafmlmod.AutomaticEventSubscriber/LOADING]: Auto-subscribing net.minecraftforge.client.model.data.ModelDataManager to FORGE
[0610月2026 14:40:57.468] [modloading-worker-0/DEBUG] [net.minecraftforge.fml.javafmlmod.AutomaticEventSubscriber/LOADING]: Auto-subscribing net.minecraftforge.client.ForgeHooksClient$ClientEvents to MOD
[0610月2026 14:40:57.477] [modloading-worker-0/DEBUG] [net.minecraftforge.fml.javafmlmod.AutomaticEventSubscriber/LOADING]: Auto-subscribing net.minecraftforge.client.ClientForgeMod to MOD
[0610月2026 14:40:57.479] [modloading-worker-0/DEBUG] [net.minecraftforge.fml.javafmlmod.AutomaticEventSubscriber/LOADING]: Attempting to inject @EventBusSubscriber classes into the eventbus for avaritia
[0610月2026 14:40:57.479] [modloading-worker-0/DEBUG] [net.minecraftforge.fml.javafmlmod.AutomaticEventSubscriber/LOADING]: Auto-subscribing committee.nova.mods.avaritia.init.registry.ModRecipeSerializers to FORGE
[0610月2026 14:40:57.480] [modloading-worker-0/DEBUG] [net.minecraftforge.fml.javafmlmod.AutomaticEventSubscriber/LOADING]: Auto-subscribing committee.nova.mods.avaritia.init.handler.SingularityHandler to FORGE
[0610月2026 14:40:57.483] [modloading-worker-0/DEBUG] [net.minecraftforge.fml.javafmlmod.AutomaticEventSubscriber/LOADING]: Auto-subscribing committee.nova.mods.avaritia.init.handler.ResourceReloadHandler to FORGE
[0610月2026 14:40:57.484] [modloading-worker-0/DEBUG] [net.minecraftforge.fml.javafmlmod.AutomaticEventSubscriber/LOADING]: Auto-subscribing committee.nova.mods.avaritia.init.handler.PackResourceHandler to MOD
[0610月2026 14:40:57.487] [modloading-worker-0/DEBUG] [net.minecraftforge.fml.javafmlmod.AutomaticEventSubscriber/LOADING]: Auto-subscribing committee.nova.mods.avaritia.init.handler.NetworkHandler to MOD
[0610月2026 14:40:57.495] [modloading-worker-0/DEBUG] [net.minecraftforge.fml.javafmlmod.AutomaticEventSubscriber/LOADING]: Auto-subscribing committee.nova.mods.avaritia.init.handler.ItemOverrideHandler to MOD
[0610月2026 14:40:57.498] [modloading-worker-0/DEBUG] [net.minecraftforge.fml.javafmlmod.AutomaticEventSubscriber/LOADING]: Auto-subscribing committee.nova.mods.avaritia.init.handler.InternalRecipeHandler to FORGE
[0610月2026 14:40:57.501] [modloading-worker-0/DEBUG] [mixin/]: Mixing RecipeManagerMixin from avaritia.mixins.json into net.minecraft.world.item.crafting.RecipeManager
[0610月2026 14:40:57.509] [modloading-worker-0/DEBUG] [net.minecraftforge.fml.javafmlmod.AutomaticEventSubscriber/LOADING]: Auto-subscribing committee.nova.mods.avaritia.init.handler.InfinityShieldHandler to FORGE
[0610月2026 14:40:57.524] [modloading-worker-0/DEBUG] [net.minecraftforge.fml.javafmlmod.AutomaticEventSubscriber/LOADING]: Auto-subscribing committee.nova.mods.avaritia.init.handler.InfinityRingHandler to FORGE
[0610月2026 14:40:57.525] [modloading-worker-0/DEBUG] [net.minecraftforge.fml.javafmlmod.AutomaticEventSubscriber/LOADING]: Auto-subscribing committee.nova.mods.avaritia.init.handler.InfinityHandler to FORGE
[0610月2026 14:40:57.542] [modloading-worker-0/DEBUG] [net.minecraftforge.fml.javafmlmod.AutomaticEventSubscriber/LOADING]: Auto-subscribing committee.nova.mods.avaritia.init.handler.DataPackSyncHandler to FORGE
[0610月2026 14:40:57.549] [modloading-worker-0/DEBUG] [net.minecraftforge.fml.javafmlmod.AutomaticEventSubscriber/LOADING]: Auto-subscribing committee.nova.mods.avaritia.init.handler.CmdRegistryHandler to FORGE
[0610月2026 14:40:57.550] [modloading-worker-0/DEBUG] [net.minecraftforge.fml.javafmlmod.AutomaticEventSubscriber/LOADING]: Auto-subscribing committee.nova.mods.avaritia.init.handler.CapHandler to FORGE
[0610月2026 14:40:57.554] [modloading-worker-0/DEBUG] [net.minecraftforge.fml.javafmlmod.AutomaticEventSubscriber/LOADING]: Auto-subscribing committee.nova.mods.avaritia.init.handler.AbilityHandler to FORGE
[0610月2026 14:40:57.560] [modloading-worker-0/DEBUG] [net.minecraftforge.fml.javafmlmod.AutomaticEventSubscriber/LOADING]: Auto-subscribing committee.nova.mods.avaritia.core.name.NameCacheManager to FORGE
[0610月2026 14:40:57.562] [modloading-worker-0/DEBUG] [net.minecraftforge.fml.javafmlmod.AutomaticEventSubscriber/LOADING]: Auto-subscribing committee.nova.mods.avaritia.core.chest.ServerChestManager to FORGE
[0610月2026 14:40:57.565] [modloading-worker-0/DEBUG] [net.minecraftforge.fml.javafmlmod.AutomaticEventSubscriber/LOADING]: Auto-subscribing committee.nova.mods.avaritia.core.chest.ClientChestManager to FORGE
[0610月2026 14:40:57.569] [modloading-worker-0/DEBUG] [net.minecraftforge.fml.javafmlmod.AutomaticEventSubscriber/LOADING]: Auto-subscribing committee.nova.mods.avaritia.core.channel.ServerChannelManager to FORGE
[0610月2026 14:40:57.574] [modloading-worker-0/DEBUG] [net.minecraftforge.fml.javafmlmod.AutomaticEventSubscriber/LOADING]: Auto-subscribing committee.nova.mods.avaritia.core.channel.ClientChannelManager to FORGE
[0610月2026 14:40:57.578] [modloading-worker-0/DEBUG] [net.minecraftforge.fml.javafmlmod.AutomaticEventSubscriber/LOADING]: Auto-subscribing committee.nova.mods.avaritia.common.item.misc.NeutronRingLegacyRecovery to FORGE
[0610月2026 14:40:57.580] [modloading-worker-0/DEBUG] [net.minecraftforge.fml.javafmlmod.AutomaticEventSubscriber/LOADING]: Auto-subscribing committee.nova.mods.avaritia.common.item.misc.InfinityClockItem$TickHandler to FORGE
[0610月2026 14:40:57.581] [modloading-worker-0/DEBUG] [net.minecraftforge.fml.javafmlmod.AutomaticEventSubscriber/LOADING]: Auto-subscribing committee.nova.mods.avaritia.client.render.NeutronRingPreviewRenderer to FORGE
[0610月2026 14:40:57.601] [modloading-worker-0/DEBUG] [net.minecraftforge.fml.javafmlmod.AutomaticEventSubscriber/LOADING]: Auto-subscribing committee.nova.mods.avaritia.client.AvaritiaModClient to MOD
[0610月2026 14:40:57.633] [modloading-worker-0/DEBUG] [net.minecraftforge.fml.javafmlmod.AutomaticEventSubscriber/LOADING]: Auto-subscribing committee.nova.mods.avaritia.client.AvaritiaForgeClient to FORGE
[0610月2026 14:40:57.650] [modloading-worker-0/DEBUG] [net.minecraftforge.fml.javafmlmod.AutomaticEventSubscriber/LOADING]: Auto-subscribing committee.nova.mods.avaritia.api.client.screen.component.UiInspector to FORGE
[0610月2026 14:40:57.693] [Render thread/DEBUG] [net.minecraftforge.registries.ObjectHolderRegistry/REGISTRIES]: Processing ObjectHolder annotations
[0610月2026 14:40:57.713] [Render thread/DEBUG] [net.minecraftforge.registries.ObjectHolderRegistry/REGISTRIES]: Found 4038 ObjectHolder annotations
[0610月2026 14:40:57.718] [Render thread/DEBUG] [net.minecraftforge.common.capabilities.CapabilityManager/CAPABILITIES]: Attempting to automatically register: Lnet/minecraftforge/energy/IEnergyStorage;
[0610月2026 14:40:57.720] [Render thread/DEBUG] [net.minecraftforge.common.capabilities.CapabilityManager/CAPABILITIES]: Attempting to automatically register: Lnet/minecraftforge/fluids/capability/IFluidHandler;
[0610月2026 14:40:57.720] [Render thread/DEBUG] [net.minecraftforge.common.capabilities.CapabilityManager/CAPABILITIES]: Attempting to automatically register: Lnet/minecraftforge/fluids/capability/IFluidHandlerItem;
[0610月2026 14:40:57.720] [Render thread/DEBUG] [net.minecraftforge.common.capabilities.CapabilityManager/CAPABILITIES]: Attempting to automatically register: Lnet/minecraftforge/items/IItemHandler;
[0610月2026 14:40:57.721] [Render thread/DEBUG] [net.minecraftforge.registries.GameData/REGISTRIES]: Unfreezing vanilla registries
[0610月2026 14:40:57.727] [Render thread/DEBUG] [net.minecraftforge.registries.GameData/REGISTRIES]: Applying holder lookups: minecraft:sound_event
[0610月2026 14:40:57.730] [Render thread/DEBUG] [net.minecraftforge.registries.GameData/REGISTRIES]: Holder lookups applied: minecraft:sound_event
[0610月2026 14:40:57.730] [Render thread/DEBUG] [net.minecraftforge.registries.GameData/REGISTRIES]: Applying holder lookups: minecraft:fluid
[0610月2026 14:40:57.731] [Render thread/DEBUG] [net.minecraftforge.registries.GameData/REGISTRIES]: Holder lookups applied: minecraft:fluid
[0610月2026 14:40:57.775] [Render thread/DEBUG] [net.minecraftforge.registries.GameData/REGISTRIES]: Applying holder lookups: minecraft:block
[0610月2026 14:40:57.776] [Render thread/DEBUG] [net.minecraftforge.registries.GameData/REGISTRIES]: Holder lookups applied: minecraft:block
[0610月2026 14:40:57.777] [Render thread/DEBUG] [net.minecraftforge.registries.GameData/REGISTRIES]: Applying holder lookups: minecraft:attribute
[0610月2026 14:40:57.778] [Render thread/DEBUG] [net.minecraftforge.registries.GameData/REGISTRIES]: Holder lookups applied: minecraft:attribute
[0610月2026 14:40:57.778] [Render thread/DEBUG] [net.minecraftforge.registries.GameData/REGISTRIES]: Applying holder lookups: minecraft:mob_effect
[0610月2026 14:40:57.779] [Render thread/DEBUG] [net.minecraftforge.registries.GameData/REGISTRIES]: Holder lookups applied: minecraft:mob_effect
[0610月2026 14:40:57.783] [Render thread/DEBUG] [net.minecraftforge.registries.GameData/REGISTRIES]: Applying holder lookups: minecraft:particle_type
[0610月2026 14:40:57.783] [Render thread/DEBUG] [net.minecraftforge.registries.GameData/REGISTRIES]: Holder lookups applied: minecraft:particle_type
[0610月2026 14:40:57.787] [Render thread/DEBUG] [mixin/]: Mixing HumanoidModelMixin from spearcore.mixins.json into net.minecraft.client.model.HumanoidModel
[0610月2026 14:40:57.832] [Render thread/DEBUG] [net.minecraftforge.registries.GameData/REGISTRIES]: Applying holder lookups: minecraft:item
[0610月2026 14:40:57.833] [Render thread/DEBUG] [net.minecraftforge.registries.GameData/REGISTRIES]: Holder lookups applied: minecraft:item
[0610月2026 14:40:57.863] [Render thread/DEBUG] [net.minecraftforge.registries.GameData/REGISTRIES]: Applying holder lookups: minecraft:entity_type
[0610月2026 14:40:57.863] [Render thread/DEBUG] [net.minecraftforge.registries.GameData/REGISTRIES]: Holder lookups applied: minecraft:entity_type
[0610月2026 14:40:57.864] [Render thread/DEBUG] [net.minecraftforge.registries.GameData/REGISTRIES]: Applying holder lookups: minecraft:sensor_type
[0610月2026 14:40:57.864] [Render thread/DEBUG] [net.minecraftforge.registries.GameData/REGISTRIES]: Holder lookups applied: minecraft:sensor_type
[0610月2026 14:40:57.864] [Render thread/DEBUG] [net.minecraftforge.registries.GameData/REGISTRIES]: Applying holder lookups: minecraft:memory_module_type
[0610月2026 14:40:57.864] [Render thread/DEBUG] [net.minecraftforge.registries.GameData/REGISTRIES]: Holder lookups applied: minecraft:memory_module_type
[0610月2026 14:40:57.864] [Render thread/DEBUG] [net.minecraftforge.registries.GameData/REGISTRIES]: Applying holder lookups: minecraft:potion
[0610月2026 14:40:57.865] [Render thread/DEBUG] [net.minecraftforge.registries.GameData/REGISTRIES]: Holder lookups applied: minecraft:potion
[0610月2026 14:40:57.865] [Render thread/DEBUG] [net.minecraftforge.registries.GameData/REGISTRIES]: Applying holder lookups: minecraft:game_event
[0610月2026 14:40:57.865] [Render thread/DEBUG] [net.minecraftforge.registries.GameData/REGISTRIES]: Holder lookups applied: minecraft:game_event
[0610月2026 14:40:57.866] [Render thread/DEBUG] [net.minecraftforge.registries.GameData/REGISTRIES]: Applying holder lookups: minecraft:enchantment
[0610月2026 14:40:57.867] [Render thread/DEBUG] [net.minecraftforge.registries.GameData/REGISTRIES]: Holder lookups applied: minecraft:enchantment
[0610月2026 14:40:57.867] [Render thread/DEBUG] [net.minecraftforge.registries.GameData/REGISTRIES]: Applying holder lookups: minecraft:block_entity_type
[0610月2026 14:40:57.868] [Render thread/DEBUG] [net.minecraftforge.registries.GameData/REGISTRIES]: Holder lookups applied: minecraft:block_entity_type
[0610月2026 14:40:57.868] [Render thread/DEBUG] [net.minecraftforge.registries.GameData/REGISTRIES]: Applying holder lookups: minecraft:painting_variant
[0610月2026 14:40:57.868] [Render thread/DEBUG] [net.minecraftforge.registries.GameData/REGISTRIES]: Holder lookups applied: minecraft:painting_variant
[0610月2026 14:40:57.868] [Render thread/DEBUG] [net.minecraftforge.registries.GameData/REGISTRIES]: Applying holder lookups: minecraft:stat_type
[0610月2026 14:40:57.868] [Render thread/DEBUG] [net.minecraftforge.registries.GameData/REGISTRIES]: Holder lookups applied: minecraft:stat_type
[0610月2026 14:40:57.868] [Render thread/DEBUG] [net.minecraftforge.registries.GameData/REGISTRIES]: Applying holder lookups: minecraft:custom_stat
[0610月2026 14:40:57.868] [Render thread/DEBUG] [net.minecraftforge.registries.GameData/REGISTRIES]: Holder lookups applied: minecraft:custom_stat
[0610月2026 14:40:57.869] [Render thread/DEBUG] [net.minecraftforge.registries.GameData/REGISTRIES]: Applying holder lookups: minecraft:chunk_status
[0610月2026 14:40:57.869] [Render thread/DEBUG] [net.minecraftforge.registries.GameData/REGISTRIES]: Holder lookups applied: minecraft:chunk_status
[0610月2026 14:40:57.869] [Render thread/DEBUG] [net.minecraftforge.registries.GameData/REGISTRIES]: Applying holder lookups: minecraft:rule_test
[0610月2026 14:40:57.869] [Render thread/DEBUG] [net.minecraftforge.registries.GameData/REGISTRIES]: Holder lookups applied: minecraft:rule_test
[0610月2026 14:40:57.869] [Render thread/DEBUG] [net.minecraftforge.registries.GameData/REGISTRIES]: Applying holder lookups: minecraft:rule_block_entity_modifier
[0610月2026 14:40:57.869] [Render thread/DEBUG] [net.minecraftforge.registries.GameData/REGISTRIES]: Holder lookups applied: minecraft:rule_block_entity_modifier
[0610月2026 14:40:57.869] [Render thread/DEBUG] [net.minecraftforge.registries.GameData/REGISTRIES]: Applying holder lookups: minecraft:pos_rule_test
[0610月2026 14:40:57.869] [Render thread/DEBUG] [net.minecraftforge.registries.GameData/REGISTRIES]: Holder lookups applied: minecraft:pos_rule_test
[0610月2026 14:40:57.884] [Render thread/DEBUG] [net.minecraftforge.registries.GameData/REGISTRIES]: Applying holder lookups: minecraft:menu
[0610月2026 14:40:57.885] [Render thread/DEBUG] [net.minecraftforge.registries.GameData/REGISTRIES]: Holder lookups applied: minecraft:menu
[0610月2026 14:40:57.886] [Render thread/DEBUG] [net.minecraftforge.registries.GameData/REGISTRIES]: Applying holder lookups: minecraft:recipe_type
[0610月2026 14:40:57.886] [Render thread/DEBUG] [net.minecraftforge.registries.GameData/REGISTRIES]: Holder lookups applied: minecraft:recipe_type
[0610月2026 14:40:57.922] [Render thread/DEBUG] [net.minecraftforge.registries.GameData/REGISTRIES]: Applying holder lookups: minecraft:recipe_serializer
[0610月2026 14:40:57.922] [Render thread/DEBUG] [net.minecraftforge.registries.GameData/REGISTRIES]: Holder lookups applied: minecraft:recipe_serializer
[0610月2026 14:40:57.923] [Render thread/DEBUG] [net.minecraftforge.registries.GameData/REGISTRIES]: Applying holder lookups: minecraft:position_source_type
[0610月2026 14:40:57.923] [Render thread/DEBUG] [net.minecraftforge.registries.GameData/REGISTRIES]: Holder lookups applied: minecraft:position_source_type
[0610月2026 14:40:57.925] [Render thread/DEBUG] [net.minecraftforge.registries.GameData/REGISTRIES]: Applying holder lookups: minecraft:command_argument_type
[0610月2026 14:40:57.925] [Render thread/DEBUG] [net.minecraftforge.registries.GameData/REGISTRIES]: Holder lookups applied: minecraft:command_argument_type
[0610月2026 14:40:57.925] [Render thread/DEBUG] [net.minecraftforge.registries.GameData/REGISTRIES]: Applying holder lookups: minecraft:villager_type
[0610月2026 14:40:57.926] [Render thread/DEBUG] [net.minecraftforge.registries.GameData/REGISTRIES]: Holder lookups applied: minecraft:villager_type
[0610月2026 14:40:57.926] [Render thread/DEBUG] [net.minecraftforge.registries.GameData/REGISTRIES]: Applying holder lookups: minecraft:villager_profession
[0610月2026 14:40:57.926] [Render thread/DEBUG] [net.minecraftforge.registries.GameData/REGISTRIES]: Holder lookups applied: minecraft:villager_profession
[0610月2026 14:40:57.926] [Render thread/DEBUG] [net.minecraftforge.registries.GameData/REGISTRIES]: Applying holder lookups: minecraft:point_of_interest_type
[0610月2026 14:40:57.926] [Render thread/DEBUG] [net.minecraftforge.registries.GameData/REGISTRIES]: Holder lookups applied: minecraft:point_of_interest_type
[0610月2026 14:40:57.926] [Render thread/DEBUG] [net.minecraftforge.registries.GameData/REGISTRIES]: Applying holder lookups: minecraft:schedule
[0610月2026 14:40:57.927] [Render thread/DEBUG] [net.minecraftforge.registries.GameData/REGISTRIES]: Holder lookups applied: minecraft:schedule
[0610月2026 14:40:57.927] [Render thread/DEBUG] [net.minecraftforge.registries.GameData/REGISTRIES]: Applying holder lookups: minecraft:activity
[0610月2026 14:40:57.927] [Render thread/DEBUG] [net.minecraftforge.registries.GameData/REGISTRIES]: Holder lookups applied: minecraft:activity
[0610月2026 14:40:57.927] [Render thread/DEBUG] [net.minecraftforge.registries.GameData/REGISTRIES]: Applying holder lookups: minecraft:loot_pool_entry_type
[0610月2026 14:40:57.927] [Render thread/DEBUG] [net.minecraftforge.registries.GameData/REGISTRIES]: Holder lookups applied: minecraft:loot_pool_entry_type
[0610月2026 14:40:57.927] [Render thread/DEBUG] [net.minecraftforge.registries.GameData/REGISTRIES]: Applying holder lookups: minecraft:loot_function_type
[0610月2026 14:40:57.927] [Render thread/DEBUG] [net.minecraftforge.registries.GameData/REGISTRIES]: Holder lookups applied: minecraft:loot_function_type
[0610月2026 14:40:57.931] [Render thread/DEBUG] [net.minecraftforge.registries.GameData/REGISTRIES]: Applying holder lookups: minecraft:loot_condition_type
[0610月2026 14:40:57.932] [Render thread/DEBUG] [net.minecraftforge.registries.GameData/REGISTRIES]: Holder lookups applied: minecraft:loot_condition_type
[0610月2026 14:40:57.932] [Render thread/DEBUG] [net.minecraftforge.registries.GameData/REGISTRIES]: Applying holder lookups: minecraft:loot_number_provider_type
[0610月2026 14:40:57.932] [Render thread/DEBUG] [net.minecraftforge.registries.GameData/REGISTRIES]: Holder lookups applied: minecraft:loot_number_provider_type
[0610月2026 14:40:57.933] [Render thread/DEBUG] [net.minecraftforge.registries.GameData/REGISTRIES]: Applying holder lookups: minecraft:loot_nbt_provider_type
[0610月2026 14:40:57.934] [Render thread/DEBUG] [net.minecraftforge.registries.GameData/REGISTRIES]: Holder lookups applied: minecraft:loot_nbt_provider_type
[0610月2026 14:40:57.934] [Render thread/DEBUG] [net.minecraftforge.registries.GameData/REGISTRIES]: Applying holder lookups: minecraft:loot_score_provider_type
[0610月2026 14:40:57.934] [Render thread/DEBUG] [net.minecraftforge.registries.GameData/REGISTRIES]: Holder lookups applied: minecraft:loot_score_provider_type
[0610月2026 14:40:57.934] [Render thread/DEBUG] [net.minecraftforge.registries.GameData/REGISTRIES]: Applying holder lookups: minecraft:float_provider_type
[0610月2026 14:40:57.934] [Render thread/DEBUG] [net.minecraftforge.registries.GameData/REGISTRIES]: Holder lookups applied: minecraft:float_provider_type
[0610月2026 14:40:57.935] [Render thread/DEBUG] [net.minecraftforge.registries.GameData/REGISTRIES]: Applying holder lookups: minecraft:int_provider_type
[0610月2026 14:40:57.935] [Render thread/DEBUG] [net.minecraftforge.registries.GameData/REGISTRIES]: Holder lookups applied: minecraft:int_provider_type
[0610月2026 14:40:57.935] [Render thread/DEBUG] [net.minecraftforge.registries.GameData/REGISTRIES]: Applying holder lookups: minecraft:height_provider_type
[0610月2026 14:40:57.935] [Render thread/DEBUG] [net.minecraftforge.registries.GameData/REGISTRIES]: Holder lookups applied: minecraft:height_provider_type
[0610月2026 14:40:57.935] [Render thread/DEBUG] [net.minecraftforge.registries.GameData/REGISTRIES]: Applying holder lookups: minecraft:block_predicate_type
[0610月2026 14:40:57.935] [Render thread/DEBUG] [net.minecraftforge.registries.GameData/REGISTRIES]: Holder lookups applied: minecraft:block_predicate_type
[0610月2026 14:40:57.935] [Render thread/DEBUG] [net.minecraftforge.registries.GameData/REGISTRIES]: Applying holder lookups: minecraft:worldgen/carver
[0610月2026 14:40:57.935] [Render thread/DEBUG] [net.minecraftforge.registries.GameData/REGISTRIES]: Holder lookups applied: minecraft:worldgen/carver
[0610月2026 14:40:57.935] [Render thread/DEBUG] [net.minecraftforge.registries.GameData/REGISTRIES]: Applying holder lookups: minecraft:worldgen/feature
[0610月2026 14:40:57.935] [Render thread/DEBUG] [net.minecraftforge.registries.GameData/REGISTRIES]: Holder lookups applied: minecraft:worldgen/feature
[0610月2026 14:40:57.936] [Render thread/DEBUG] [net.minecraftforge.registries.GameData/REGISTRIES]: Applying holder lookups: minecraft:worldgen/structure_processor
[0610月2026 14:40:57.936] [Render thread/DEBUG] [net.minecraftforge.registries.GameData/REGISTRIES]: Holder lookups applied: minecraft:worldgen/structure_processor
[0610月2026 14:40:57.936] [Render thread/DEBUG] [net.minecraftforge.registries.GameData/REGISTRIES]: Applying holder lookups: minecraft:worldgen/structure_placement
[0610月2026 14:40:57.936] [Render thread/DEBUG] [net.minecraftforge.registries.GameData/REGISTRIES]: Holder lookups applied: minecraft:worldgen/structure_placement
[0610月2026 14:40:57.936] [Render thread/DEBUG] [net.minecraftforge.registries.GameData/REGISTRIES]: Applying holder lookups: minecraft:worldgen/structure_piece
[0610月2026 14:40:57.937] [Render thread/DEBUG] [net.minecraftforge.registries.GameData/REGISTRIES]: Holder lookups applied: minecraft:worldgen/structure_piece
[0610月2026 14:40:57.937] [Render thread/DEBUG] [net.minecraftforge.registries.GameData/REGISTRIES]: Applying holder lookups: minecraft:worldgen/structure_type
[0610月2026 14:40:57.937] [Render thread/DEBUG] [net.minecraftforge.registries.GameData/REGISTRIES]: Holder lookups applied: minecraft:worldgen/structure_type
[0610月2026 14:40:57.937] [Render thread/DEBUG] [net.minecraftforge.registries.GameData/REGISTRIES]: Applying holder lookups: minecraft:worldgen/placement_modifier_type
[0610月2026 14:40:57.938] [Render thread/DEBUG] [net.minecraftforge.registries.GameData/REGISTRIES]: Holder lookups applied: minecraft:worldgen/placement_modifier_type
[0610月2026 14:40:57.938] [Render thread/DEBUG] [net.minecraftforge.registries.GameData/REGISTRIES]: Applying holder lookups: minecraft:worldgen/block_state_provider_type
[0610月2026 14:40:57.938] [Render thread/DEBUG] [net.minecraftforge.registries.GameData/REGISTRIES]: Holder lookups applied: minecraft:worldgen/block_state_provider_type
[0610月2026 14:40:57.939] [Render thread/DEBUG] [net.minecraftforge.registries.GameData/REGISTRIES]: Applying holder lookups: minecraft:worldgen/foliage_placer_type
[0610月2026 14:40:57.939] [Render thread/DEBUG] [net.minecraftforge.registries.GameData/REGISTRIES]: Holder lookups applied: minecraft:worldgen/foliage_placer_type
[0610月2026 14:40:57.939] [Render thread/DEBUG] [net.minecraftforge.registries.GameData/REGISTRIES]: Applying holder lookups: minecraft:worldgen/trunk_placer_type
[0610月2026 14:40:57.939] [Render thread/DEBUG] [net.minecraftforge.registries.GameData/REGISTRIES]: Holder lookups applied: minecraft:worldgen/trunk_placer_type
[0610月2026 14:40:57.939] [Render thread/DEBUG] [net.minecraftforge.registries.GameData/REGISTRIES]: Applying holder lookups: minecraft:worldgen/root_placer_type
[0610月2026 14:40:57.940] [Render thread/DEBUG] [net.minecraftforge.registries.GameData/REGISTRIES]: Holder lookups applied: minecraft:worldgen/root_placer_type
[0610月2026 14:40:57.940] [Render thread/DEBUG] [net.minecraftforge.registries.GameData/REGISTRIES]: Applying holder lookups: minecraft:worldgen/tree_decorator_type
[0610月2026 14:40:57.940] [Render thread/DEBUG] [net.minecraftforge.registries.GameData/REGISTRIES]: Holder lookups applied: minecraft:worldgen/tree_decorator_type
[0610月2026 14:40:57.940] [Render thread/DEBUG] [net.minecraftforge.registries.GameData/REGISTRIES]: Applying holder lookups: minecraft:worldgen/feature_size_type
[0610月2026 14:40:57.940] [Render thread/DEBUG] [net.minecraftforge.registries.GameData/REGISTRIES]: Holder lookups applied: minecraft:worldgen/feature_size_type
[0610月2026 14:40:57.940] [Render thread/DEBUG] [net.minecraftforge.registries.GameData/REGISTRIES]: Applying holder lookups: minecraft:worldgen/biome_source
[0610月2026 14:40:57.940] [Render thread/DEBUG] [net.minecraftforge.registries.GameData/REGISTRIES]: Holder lookups applied: minecraft:worldgen/biome_source
[0610月2026 14:40:57.940] [Render thread/DEBUG] [net.minecraftforge.registries.GameData/REGISTRIES]: Applying holder lookups: minecraft:worldgen/chunk_generator
[0610月2026 14:40:57.940] [Render thread/DEBUG] [net.minecraftforge.registries.GameData/REGISTRIES]: Holder lookups applied: minecraft:worldgen/chunk_generator
[0610月2026 14:40:57.940] [Render thread/DEBUG] [net.minecraftforge.registries.GameData/REGISTRIES]: Applying holder lookups: minecraft:worldgen/material_condition
[0610月2026 14:40:57.940] [Render thread/DEBUG] [net.minecraftforge.registries.GameData/REGISTRIES]: Holder lookups applied: minecraft:worldgen/material_condition
[0610月2026 14:40:57.940] [Render thread/DEBUG] [net.minecraftforge.registries.GameData/REGISTRIES]: Applying holder lookups: minecraft:worldgen/material_rule
[0610月2026 14:40:57.941] [Render thread/DEBUG] [net.minecraftforge.registries.GameData/REGISTRIES]: Holder lookups applied: minecraft:worldgen/material_rule
[0610月2026 14:40:57.941] [Render thread/DEBUG] [net.minecraftforge.registries.GameData/REGISTRIES]: Applying holder lookups: minecraft:worldgen/density_function_type
[0610月2026 14:40:57.941] [Render thread/DEBUG] [net.minecraftforge.registries.GameData/REGISTRIES]: Holder lookups applied: minecraft:worldgen/density_function_type
[0610月2026 14:40:57.941] [Render thread/DEBUG] [net.minecraftforge.registries.GameData/REGISTRIES]: Applying holder lookups: minecraft:worldgen/structure_pool_element
[0610月2026 14:40:57.941] [Render thread/DEBUG] [net.minecraftforge.registries.GameData/REGISTRIES]: Holder lookups applied: minecraft:worldgen/structure_pool_element
[0610月2026 14:40:57.941] [Render thread/DEBUG] [net.minecraftforge.registries.GameData/REGISTRIES]: Applying holder lookups: minecraft:cat_variant
[0610月2026 14:40:57.942] [Render thread/DEBUG] [net.minecraftforge.registries.GameData/REGISTRIES]: Holder lookups applied: minecraft:cat_variant
[0610月2026 14:40:57.942] [Render thread/DEBUG] [net.minecraftforge.registries.GameData/REGISTRIES]: Applying holder lookups: minecraft:frog_variant
[0610月2026 14:40:57.942] [Render thread/DEBUG] [net.minecraftforge.registries.GameData/REGISTRIES]: Holder lookups applied: minecraft:frog_variant
[0610月2026 14:40:57.942] [Render thread/DEBUG] [net.minecraftforge.registries.GameData/REGISTRIES]: Applying holder lookups: minecraft:banner_pattern
[0610月2026 14:40:57.942] [Render thread/DEBUG] [net.minecraftforge.registries.GameData/REGISTRIES]: Holder lookups applied: minecraft:banner_pattern
[0610月2026 14:40:57.942] [Render thread/DEBUG] [net.minecraftforge.registries.GameData/REGISTRIES]: Applying holder lookups: minecraft:instrument
[0610月2026 14:40:57.942] [Render thread/DEBUG] [net.minecraftforge.registries.GameData/REGISTRIES]: Holder lookups applied: minecraft:instrument
[0610月2026 14:40:57.942] [Render thread/DEBUG] [net.minecraftforge.registries.GameData/REGISTRIES]: Applying holder lookups: minecraft:decorated_pot_patterns
[0610月2026 14:40:57.942] [Render thread/DEBUG] [net.minecraftforge.registries.GameData/REGISTRIES]: Holder lookups applied: minecraft:decorated_pot_patterns
[0610月2026 14:40:57.945] [Render thread/DEBUG] [net.minecraftforge.registries.GameData/REGISTRIES]: Applying holder lookups: minecraft:creative_mode_tab
[0610月2026 14:40:57.946] [Render thread/DEBUG] [net.minecraftforge.registries.GameData/REGISTRIES]: Holder lookups applied: minecraft:creative_mode_tab
[0610月2026 14:40:57.968] [Render thread/DEBUG] [net.minecraftforge.registries.GameData/REGISTRIES]: Applying holder lookups: forge:biome_modifier_serializers
[0610月2026 14:40:57.968] [Render thread/DEBUG] [net.minecraftforge.registries.GameData/REGISTRIES]: Holder lookups applied: forge:biome_modifier_serializers
[0610月2026 14:40:57.969] [Render thread/DEBUG] [net.minecraftforge.registries.GameData/REGISTRIES]: Applying holder lookups: forge:display_contexts
[0610月2026 14:40:57.970] [Render thread/DEBUG] [net.minecraftforge.registries.GameData/REGISTRIES]: Holder lookups applied: forge:display_contexts
[0610月2026 14:40:57.970] [Render thread/DEBUG] [net.minecraftforge.registries.GameData/REGISTRIES]: Applying holder lookups: forge:entity_data_serializers
[0610月2026 14:40:57.970] [Render thread/DEBUG] [net.minecraftforge.registries.GameData/REGISTRIES]: Holder lookups applied: forge:entity_data_serializers
[0610月2026 14:40:57.987] [Render thread/DEBUG] [net.minecraftforge.registries.GameData/REGISTRIES]: Applying holder lookups: forge:fluid_type
[0610月2026 14:40:57.987] [Render thread/DEBUG] [net.minecraftforge.registries.GameData/REGISTRIES]: Holder lookups applied: forge:fluid_type
[0610月2026 14:40:57.988] [Render thread/DEBUG] [net.minecraftforge.registries.GameData/REGISTRIES]: Applying holder lookups: forge:global_loot_modifier_serializers
[0610月2026 14:40:57.988] [Render thread/DEBUG] [net.minecraftforge.registries.GameData/REGISTRIES]: Holder lookups applied: forge:global_loot_modifier_serializers
[0610月2026 14:40:58.002] [Render thread/DEBUG] [net.minecraftforge.registries.GameData/REGISTRIES]: Applying holder lookups: forge:holder_set_type
[0610月2026 14:40:58.003] [Render thread/DEBUG] [net.minecraftforge.registries.GameData/REGISTRIES]: Holder lookups applied: forge:holder_set_type
[0610月2026 14:40:58.004] [Render thread/DEBUG] [net.minecraftforge.registries.GameData/REGISTRIES]: Applying holder lookups: forge:structure_modifier_serializers
[0610月2026 14:40:58.005] [Render thread/DEBUG] [net.minecraftforge.registries.GameData/REGISTRIES]: Holder lookups applied: forge:structure_modifier_serializers
[0610月2026 14:40:58.005] [Render thread/DEBUG] [net.minecraftforge.registries.GameData/REGISTRIES]: Applying holder lookups: minecraft:worldgen/biome
[0610月2026 14:40:58.005] [Render thread/DEBUG] [net.minecraftforge.registries.GameData/REGISTRIES]: Holder lookups applied: minecraft:worldgen/biome
[0610月2026 14:40:58.219] [Render thread/DEBUG] [net.minecraftforge.client.loading.ClientModLoader/CORE]: Generating PackInfo named mod:avaritia for mod file C:\Users\12501\.gradle\caches\forge_gradle\deobf_dependencies\committee\nova\mods\avaritia-1.20.1\1.4.2_mapped_official_1.20.1\avaritia-1.20.1-1.4.2_mapped_official_1.20.1.jar
[0610月2026 14:40:58.219] [Render thread/DEBUG] [net.minecraftforge.client.loading.ClientModLoader/CORE]: Generating PackInfo named mod:forge for mod file /
[0610月2026 14:40:58.220] [Render thread/DEBUG] [net.minecraftforge.client.loading.ClientModLoader/CORE]: Generating PackInfo named mod:avaritia_spear for mod file C:\Users\12501\MCreatorWorkspaces\avaritia_spear-1.20.1\build\resources\main
[0610月2026 14:40:58.221] [Render thread/DEBUG] [net.minecraftforge.client.loading.ClientModLoader/CORE]: Generating PackInfo named mod:spearcore for mod file C:\Users\12501\.gradle\caches\forge_gradle\deobf_dependencies\net\minecraft\spearcore\spearcore-1.20.1-forge\3.0.0_mapped_official_1.20.1\spearcore-1.20.1-forge-3.0.0_mapped_official_1.20.1.jar
[0610月2026 14:40:58.401] [Render thread/DEBUG] [mixin/]: Mixing ItemRendererCosmicMixin from avaritia_spear.mixins.json into net.minecraft.client.renderer.entity.ItemRenderer
[0610月2026 14:40:58.410] [Render thread/DEBUG] [mixin/]: Mixing ItemRendererMixin from avaritia.mixins.json into net.minecraft.client.renderer.entity.ItemRenderer
[0610月2026 14:40:58.558] [Render thread/DEBUG] [mixin/]: Mixing ItemInHandRendererMixin from spearcore.mixins.json into net.minecraft.client.renderer.ItemInHandRenderer
[0610月2026 14:40:58.742] [Render thread/INFO] [net.minecraftforge.gametest.ForgeGameTestHooks/]: Enabled Gametest Namespaces: []
[0610月2026 14:40:58.774] [Render thread/DEBUG] [committee.nova.mods.avaritia.Const/]: Registering key bindings
[0610月2026 14:40:58.885] [Render thread/INFO] [net.minecraft.server.packs.resources.ReloadableResourceManager/]: Reloading ResourceManager: vanilla, mod_resources
[0610月2026 14:40:58.895] [modloading-worker-0/DEBUG] [net.minecraftforge.fml.config.ConfigTracker/CONFIG]: Loading configs type CLIENT
[0610月2026 14:40:58.896] [modloading-worker-0/DEBUG] [net.minecraftforge.fml.config.ConfigFileTypeHandler/CONFIG]: Built TOML config for C:\Users\12501\MCreatorWorkspaces\avaritia_spear-1.20.1\run\config\forge-client.toml
[0610月2026 14:40:58.896] [modloading-worker-0/DEBUG] [net.minecraftforge.fml.config.ConfigFileTypeHandler/CONFIG]: Loaded TOML config file C:\Users\12501\MCreatorWorkspaces\avaritia_spear-1.20.1\run\config\forge-client.toml
[0610月2026 14:40:58.900] [modloading-worker-0/DEBUG] [net.minecraftforge.fml.config.ConfigFileTypeHandler/CONFIG]: Watching TOML config file C:\Users\12501\MCreatorWorkspaces\avaritia_spear-1.20.1\run\config\forge-client.toml for changes
[0610月2026 14:40:58.906] [modloading-worker-0/DEBUG] [net.minecraftforge.common.ForgeConfig/FORGEMOD]: Loaded forge config file forge-client.toml
[0610月2026 14:40:58.907] [modloading-worker-0/DEBUG] [net.minecraftforge.fml.config.ConfigTracker/CONFIG]: Loading configs type COMMON
[0610月2026 14:40:58.907] [modloading-worker-0/DEBUG] [net.minecraftforge.fml.config.ConfigFileTypeHandler/CONFIG]: Built TOML config for C:\Users\12501\MCreatorWorkspaces\avaritia_spear-1.20.1\run\config\avaritia-common.toml
[0610月2026 14:40:58.908] [modloading-worker-0/DEBUG] [net.minecraftforge.fml.config.ConfigFileTypeHandler/CONFIG]: Loaded TOML config file C:\Users\12501\MCreatorWorkspaces\avaritia_spear-1.20.1\run\config\avaritia-common.toml
[0610月2026 14:40:58.909] [modloading-worker-0/DEBUG] [net.minecraftforge.fml.config.ConfigFileTypeHandler/CONFIG]: Watching TOML config file C:\Users\12501\MCreatorWorkspaces\avaritia_spear-1.20.1\run\config\avaritia-common.toml for changes
[0610月2026 14:40:58.909] [Thread-3/DEBUG] [net.minecraftforge.fml.config.ConfigFileTypeHandler/CONFIG]: Config file forge-client.toml changed, sending notifies
[0610月2026 14:40:58.910] [Thread-3/DEBUG] [net.minecraftforge.common.ForgeConfig/FORGEMOD]: Forge config just got changed on the file system!
[0610月2026 14:40:58.911] [modloading-worker-0/DEBUG] [net.minecraftforge.fml.config.ConfigFileTypeHandler/CONFIG]: Built TOML config for C:\Users\12501\MCreatorWorkspaces\avaritia_spear-1.20.1\run\config\spearcore-common.toml
[0610月2026 14:40:58.913] [modloading-worker-0/DEBUG] [net.minecraftforge.fml.config.ConfigFileTypeHandler/CONFIG]: Loaded TOML config file C:\Users\12501\MCreatorWorkspaces\avaritia_spear-1.20.1\run\config\spearcore-common.toml
[0610月2026 14:40:58.914] [modloading-worker-0/DEBUG] [net.minecraftforge.fml.config.ConfigFileTypeHandler/CONFIG]: Watching TOML config file C:\Users\12501\MCreatorWorkspaces\avaritia_spear-1.20.1\run\config\spearcore-common.toml for changes
[0610月2026 14:40:58.916] [Thread-3/DEBUG] [net.minecraftforge.fml.config.ConfigFileTypeHandler/CONFIG]: Config file avaritia-common.toml changed, sending notifies
[0610月2026 14:40:58.921] [Worker-Main-9/INFO] [net.avaritia.avaritiaspear.AvaritiaSpearMod/]: [avaritia_spear-verify] avaritia_spear:infinity_spear -> 3 条主手修饰符
[0610月2026 14:40:58.928] [Worker-Main-9/INFO] [net.avaritia.avaritiaspear.AvaritiaSpearMod/]: [avaritia_spear-verify]      item.avaritia_spear.infinity_spear
[0610月2026 14:40:58.928] [Worker-Main-9/INFO] [net.avaritia.avaritiaspear.AvaritiaSpearMod/]: [avaritia_spear-verify]      tooltip.avaritia_spear.infinity_spear_damage.desc
[0610月2026 14:40:58.928] [Worker-Main-9/INFO] [net.avaritia.avaritiaspear.AvaritiaSpearMod/]: [avaritia_spear-verify]      tooltip.avaritia_spear.infinity_spear.desc
[0610月2026 14:40:58.928] [Worker-Main-9/INFO] [net.avaritia.avaritiaspear.AvaritiaSpearMod/]: [avaritia_spear-verify]      
[0610月2026 14:40:58.928] [Worker-Main-9/INFO] [net.avaritia.avaritiaspear.AvaritiaSpearMod/]: [avaritia_spear-verify]      When in Main Hand:
[0610月2026 14:40:58.929] [Worker-Main-9/INFO] [net.avaritia.avaritiaspear.AvaritiaSpearMod/]: [avaritia_spear-verify]      +100 Attack Damage
[0610月2026 14:40:58.929] [Worker-Main-9/INFO] [net.avaritia.avaritiaspear.AvaritiaSpearMod/]: [avaritia_spear-verify]      +∞ Attack Speed
[0610月2026 14:40:58.929] [Worker-Main-9/INFO] [net.avaritia.avaritiaspear.AvaritiaSpearMod/]: [avaritia_spear-verify]      +7 Entity Reach
[0610月2026 14:40:58.930] [Worker-Main-9/INFO] [net.avaritia.avaritiaspear.AvaritiaSpearMod/]: [avaritia_spear-verify] avaritia_spear:crystal_spear -> 3 条主手修饰符
[0610月2026 14:40:58.944] [Worker-Main-9/INFO] [net.avaritia.avaritiaspear.AvaritiaSpearMod/]: [avaritia_spear-verify]      item.avaritia_spear.crystal_spear
[0610月2026 14:40:58.944] [Worker-Main-9/INFO] [net.avaritia.avaritiaspear.AvaritiaSpearMod/]: [avaritia_spear-verify]      tooltip.avaritia_spear.crystal_spear.desc
[0610月2026 14:40:58.944] [Worker-Main-9/INFO] [net.avaritia.avaritiaspear.AvaritiaSpearMod/]: [avaritia_spear-verify]      
[0610月2026 14:40:58.944] [Worker-Main-9/INFO] [net.avaritia.avaritiaspear.AvaritiaSpearMod/]: [avaritia_spear-verify]      When in Main Hand:
[0610月2026 14:40:58.945] [Worker-Main-9/INFO] [net.avaritia.avaritiaspear.AvaritiaSpearMod/]: [avaritia_spear-verify]      +50 Attack Damage
[0610月2026 14:40:58.945] [Worker-Main-9/INFO] [net.avaritia.avaritiaspear.AvaritiaSpearMod/]: [avaritia_spear-verify]      +50 Attack Speed
[0610月2026 14:40:58.945] [Worker-Main-9/INFO] [net.avaritia.avaritiaspear.AvaritiaSpearMod/]: [avaritia_spear-verify]      +4.5 Entity Reach
[0610月2026 14:40:58.945] [Worker-Main-9/INFO] [net.avaritia.avaritiaspear.AvaritiaSpearMod/]: [avaritia_spear-verify] avaritia_spear:blaze_spear -> 3 条主手修饰符
[0610月2026 14:40:58.946] [Worker-Main-9/INFO] [net.avaritia.avaritiaspear.AvaritiaSpearMod/]: [avaritia_spear-verify]      item.avaritia_spear.blaze_spear
[0610月2026 14:40:58.946] [Worker-Main-9/INFO] [net.avaritia.avaritiaspear.AvaritiaSpearMod/]: [avaritia_spear-verify]      tooltip.avaritia_spear.blaze_spear.desc
[0610月2026 14:40:58.946] [Worker-Main-9/INFO] [net.avaritia.avaritiaspear.AvaritiaSpearMod/]: [avaritia_spear-verify]      
[0610月2026 14:40:58.946] [Worker-Main-9/INFO] [net.avaritia.avaritiaspear.AvaritiaSpearMod/]: [avaritia_spear-verify]      When in Main Hand:
[0610月2026 14:40:58.946] [Worker-Main-9/INFO] [net.avaritia.avaritiaspear.AvaritiaSpearMod/]: [avaritia_spear-verify]      +25 Attack Damage
[0610月2026 14:40:58.946] [Worker-Main-9/INFO] [net.avaritia.avaritiaspear.AvaritiaSpearMod/]: [avaritia_spear-verify]      +25 Attack Speed
[0610月2026 14:40:58.946] [Worker-Main-9/INFO] [net.avaritia.avaritiaspear.AvaritiaSpearMod/]: [avaritia_spear-verify]      +2.5 Entity Reach
[0610月2026 14:40:59.079] [Worker-Main-10/INFO] [net.minecraft.client.gui.font.providers.UnihexProvider/]: Found unifont_all_no_pua-15.0.06.hex, loading
[0610月2026 14:40:59.140] [Forge Version Check/INFO] [net.minecraftforge.fml.VersionChecker/]: [forge] Starting version check at https://files.minecraftforge.net/net/minecraftforge/forge/promotions_slim.json
[0610月2026 14:40:59.174] [Render thread/DEBUG] [net.minecraftforge.fml.DeferredWorkQueue/LOADING]: Dispatching synchronous work for work queue COMMON_SETUP: 1 jobs
[0610月2026 14:40:59.181] [Render thread/INFO] [net.minecraft.spearcore.SpearcoreMod/]: [spearcore] 已注册 7 把长矛（Minecraft 1.20.1 / Forge）
[0610月2026 14:40:59.181] [Render thread/DEBUG] [net.minecraftforge.fml.DeferredWorkQueue/LOADING]: Synchronous work queue completed in 5.928 ms
[0610月2026 14:40:59.216] [Worker-Main-19/DEBUG] [mixin/]: Mixing PlayerRendererMixin from avaritia.mixins.json into net.minecraft.client.renderer.entity.player.PlayerRenderer
[0610月2026 14:40:59.254] [Worker-Main-19/DEBUG] [mixin/]: Mixing ItemInHandLayerMixin from spearcore.mixins.json into net.minecraft.client.renderer.entity.layers.ItemInHandLayer
[0610月2026 14:40:59.347] [Worker-Main-19/DEBUG] [mixin/]: Mixing AbstractZombieModelMixin from spearcore.mixins.json into net.minecraft.client.model.AbstractZombieModel
[0610月2026 14:41:00.099] [Worker-Main-3/DEBUG] [mixin/]: Mixing CosmicBakeModelDisplayMixin from avaritia_spear.mixins.json into committee.nova.mods.avaritia.client.model.loader.CosmicBakeModel
[0610月2026 14:41:00.134] [Render thread/DEBUG] [net.minecraftforge.fml.DeferredWorkQueue/LOADING]: Dispatching synchronous work for work queue SIDED_SETUP: 1 jobs
[0610月2026 14:41:00.176] [Render thread/DEBUG] [net.minecraftforge.fml.DeferredWorkQueue/LOADING]: Synchronous work queue completed in 41.85 ms
[0610月2026 14:41:00.466] [modloading-worker-0/DEBUG] [net.minecraftforge.registries.GameData/REGISTRIES]: Freezing registries
[0610月2026 14:41:00.468] [modloading-worker-0/DEBUG] [net.minecraftforge.registries.ForgeRegistry/REGISTRIES]: Registry minecraft:block Sync: FROZEN -> ACTIVE
[0610月2026 14:41:00.471] [modloading-worker-0/DEBUG] [net.minecraftforge.registries.ForgeRegistry/REGISTRIES]: Registry minecraft:fluid Sync: FROZEN -> ACTIVE
[0610月2026 14:41:00.471] [modloading-worker-0/DEBUG] [net.minecraftforge.registries.ForgeRegistry/REGISTRIES]: Registry minecraft:item Sync: FROZEN -> ACTIVE
[0610月2026 14:41:00.476] [modloading-worker-0/DEBUG] [net.minecraftforge.registries.ForgeRegistry/REGISTRIES]: Registry minecraft:mob_effect Sync: FROZEN -> ACTIVE
[0610月2026 14:41:00.478] [modloading-worker-0/DEBUG] [net.minecraftforge.registries.ForgeRegistry/REGISTRIES]: Registry minecraft:sound_event Sync: FROZEN -> ACTIVE
[0610月2026 14:41:00.483] [modloading-worker-0/DEBUG] [net.minecraftforge.registries.ForgeRegistry/REGISTRIES]: Registry minecraft:potion Sync: FROZEN -> ACTIVE
[0610月2026 14:41:00.483] [modloading-worker-0/DEBUG] [net.minecraftforge.registries.ForgeRegistry/REGISTRIES]: Registry minecraft:enchantment Sync: FROZEN -> ACTIVE
[0610月2026 14:41:00.483] [modloading-worker-0/DEBUG] [net.minecraftforge.registries.ForgeRegistry/REGISTRIES]: Registry minecraft:entity_type Sync: FROZEN -> ACTIVE
[0610月2026 14:41:00.484] [modloading-worker-0/DEBUG] [net.minecraftforge.registries.ForgeRegistry/REGISTRIES]: Registry minecraft:block_entity_type Sync: FROZEN -> ACTIVE
[0610月2026 14:41:00.484] [modloading-worker-0/DEBUG] [net.minecraftforge.registries.ForgeRegistry/REGISTRIES]: Registry minecraft:particle_type Sync: FROZEN -> ACTIVE
[0610月2026 14:41:00.485] [modloading-worker-0/DEBUG] [net.minecraftforge.registries.ForgeRegistry/REGISTRIES]: Registry minecraft:menu Sync: FROZEN -> ACTIVE
[0610月2026 14:41:00.485] [modloading-worker-0/DEBUG] [net.minecraftforge.registries.ForgeRegistry/REGISTRIES]: Registry minecraft:painting_variant Sync: FROZEN -> ACTIVE
[0610月2026 14:41:00.485] [modloading-worker-0/DEBUG] [net.minecraftforge.registries.ForgeRegistry/REGISTRIES]: Registry minecraft:recipe_type Sync: FROZEN -> ACTIVE
[0610月2026 14:41:00.486] [modloading-worker-0/DEBUG] [net.minecraftforge.registries.ForgeRegistry/REGISTRIES]: Registry minecraft:recipe_serializer Sync: FROZEN -> ACTIVE
[0610月2026 14:41:00.486] [modloading-worker-0/DEBUG] [net.minecraftforge.registries.ForgeRegistry/REGISTRIES]: Registry minecraft:attribute Sync: FROZEN -> ACTIVE
[0610月2026 14:41:00.486] [modloading-worker-0/DEBUG] [net.minecraftforge.registries.ForgeRegistry/REGISTRIES]: Registry minecraft:stat_type Sync: FROZEN -> ACTIVE
[0610月2026 14:41:00.486] [modloading-worker-0/DEBUG] [net.minecraftforge.registries.ForgeRegistry/REGISTRIES]: Registry minecraft:command_argument_type Sync: FROZEN -> ACTIVE
[0610月2026 14:41:00.486] [modloading-worker-0/DEBUG] [net.minecraftforge.registries.ForgeRegistry/REGISTRIES]: Registry minecraft:villager_profession Sync: FROZEN -> ACTIVE
[0610月2026 14:41:00.486] [modloading-worker-0/DEBUG] [net.minecraftforge.registries.ForgeRegistry/REGISTRIES]: Registry minecraft:point_of_interest_type Sync: FROZEN -> ACTIVE
[0610月2026 14:41:00.488] [modloading-worker-0/DEBUG] [net.minecraftforge.registries.ForgeRegistry/REGISTRIES]: Registry minecraft:memory_module_type Sync: FROZEN -> ACTIVE
[0610月2026 14:41:00.489] [modloading-worker-0/DEBUG] [net.minecraftforge.registries.ForgeRegistry/REGISTRIES]: Registry minecraft:sensor_type Sync: FROZEN -> ACTIVE
[0610月2026 14:41:00.489] [modloading-worker-0/DEBUG] [net.minecraftforge.registries.ForgeRegistry/REGISTRIES]: Registry minecraft:schedule Sync: FROZEN -> ACTIVE
[0610月2026 14:41:00.489] [modloading-worker-0/DEBUG] [net.minecraftforge.registries.ForgeRegistry/REGISTRIES]: Registry minecraft:activity Sync: FROZEN -> ACTIVE
[0610月2026 14:41:00.489] [modloading-worker-0/DEBUG] [net.minecraftforge.registries.ForgeRegistry/REGISTRIES]: Registry minecraft:worldgen/carver Sync: FROZEN -> ACTIVE
[0610月2026 14:41:00.490] [modloading-worker-0/DEBUG] [net.minecraftforge.registries.ForgeRegistry/REGISTRIES]: Registry minecraft:worldgen/feature Sync: FROZEN -> ACTIVE
[0610月2026 14:41:00.490] [modloading-worker-0/DEBUG] [net.minecraftforge.registries.ForgeRegistry/REGISTRIES]: Registry minecraft:chunk_status Sync: FROZEN -> ACTIVE
[0610月2026 14:41:00.490] [modloading-worker-0/DEBUG] [net.minecraftforge.registries.ForgeRegistry/REGISTRIES]: Registry minecraft:worldgen/block_state_provider_type Sync: FROZEN -> ACTIVE
[0610月2026 14:41:00.490] [modloading-worker-0/DEBUG] [net.minecraftforge.registries.ForgeRegistry/REGISTRIES]: Registry minecraft:worldgen/foliage_placer_type Sync: FROZEN -> ACTIVE
[0610月2026 14:41:00.490] [modloading-worker-0/DEBUG] [net.minecraftforge.registries.ForgeRegistry/REGISTRIES]: Registry minecraft:worldgen/tree_decorator_type Sync: FROZEN -> ACTIVE
[0610月2026 14:41:00.490] [modloading-worker-0/DEBUG] [net.minecraftforge.registries.ForgeRegistry/REGISTRIES]: Registry minecraft:worldgen/biome Sync: FROZEN -> ACTIVE
[0610月2026 14:41:00.490] [modloading-worker-0/DEBUG] [net.minecraftforge.registries.ForgeRegistry/REGISTRIES]: Registry forge:entity_data_serializers Sync: FROZEN -> ACTIVE
[0610月2026 14:41:00.490] [modloading-worker-0/DEBUG] [net.minecraftforge.registries.ForgeRegistry/REGISTRIES]: Registry forge:global_loot_modifier_serializers Sync: FROZEN -> ACTIVE
[0610月2026 14:41:00.490] [modloading-worker-0/DEBUG] [net.minecraftforge.registries.ForgeRegistry/REGISTRIES]: Registry forge:biome_modifier_serializers Sync: FROZEN -> ACTIVE
[0610月2026 14:41:00.491] [modloading-worker-0/DEBUG] [net.minecraftforge.registries.ForgeRegistry/REGISTRIES]: Registry forge:fluid_type Sync: FROZEN -> ACTIVE
[0610月2026 14:41:00.492] [modloading-worker-0/DEBUG] [net.minecraftforge.registries.ForgeRegistry/REGISTRIES]: Registry forge:structure_modifier_serializers Sync: FROZEN -> ACTIVE
[0610月2026 14:41:00.492] [modloading-worker-0/DEBUG] [net.minecraftforge.registries.ForgeRegistry/REGISTRIES]: Registry forge:holder_set_type Sync: FROZEN -> ACTIVE
[0610月2026 14:41:00.492] [modloading-worker-0/DEBUG] [net.minecraftforge.registries.ForgeRegistry/REGISTRIES]: Registry forge:display_contexts Sync: FROZEN -> ACTIVE
[0610月2026 14:41:01.230] [modloading-worker-0/DEBUG] [net.minecraftforge.registries.GameData/REGISTRIES]: All registries frozen
[0610月2026 14:41:01.294] [Render thread/DEBUG] [net.minecraftforge.common.ForgeI18n/CORE]: Loading I18N data entries: 9617
[0610月2026 14:41:01.319] [Render thread/WARN] [net.minecraft.client.sounds.SoundEngine/]: Missing sound for event: minecraft:item.goat_horn.play
[0610月2026 14:41:01.319] [Render thread/WARN] [net.minecraft.client.sounds.SoundEngine/]: Missing sound for event: minecraft:entity.goat.screaming.horn_break
[0610月2026 14:41:01.376] [Render thread/INFO] [com.mojang.blaze3d.audio.Library/]: OpenAL initialized on device OpenAL Soft on 扬声器 (2- Realtek(R) Audio)
[0610月2026 14:41:01.377] [Render thread/INFO] [net.minecraft.client.sounds.SoundEngine/SOUNDS]: Sound engine started
[0610月2026 14:41:01.451] [Render thread/INFO] [net.minecraft.client.renderer.texture.TextureAtlas/]: Created: 1024x1024x2 minecraft:textures/atlas/blocks.png-atlas
[0610月2026 14:41:01.461] [Render thread/INFO] [net.minecraft.client.renderer.texture.TextureAtlas/]: Created: 256x256x2 minecraft:textures/atlas/signs.png-atlas
[0610月2026 14:41:01.461] [Render thread/INFO] [net.minecraft.client.renderer.texture.TextureAtlas/]: Created: 512x512x2 minecraft:textures/atlas/shield_patterns.png-atlas
[0610月2026 14:41:01.462] [Render thread/INFO] [net.minecraft.client.renderer.texture.TextureAtlas/]: Created: 512x512x2 minecraft:textures/atlas/banner_patterns.png-atlas
[0610月2026 14:41:01.462] [Render thread/INFO] [net.minecraft.client.renderer.texture.TextureAtlas/]: Created: 1024x1024x2 minecraft:textures/atlas/armor_trims.png-atlas
[0610月2026 14:41:01.463] [Render thread/INFO] [net.minecraft.client.renderer.texture.TextureAtlas/]: Created: 256x256x2 minecraft:textures/atlas/chest.png-atlas
[0610月2026 14:41:01.463] [Render thread/INFO] [net.minecraft.client.renderer.texture.TextureAtlas/]: Created: 128x64x2 minecraft:textures/atlas/decorated_pot.png-atlas
[0610月2026 14:41:01.463] [Render thread/INFO] [net.minecraft.client.renderer.texture.TextureAtlas/]: Created: 512x256x2 minecraft:textures/atlas/beds.png-atlas
[0610月2026 14:41:01.463] [Render thread/INFO] [net.minecraft.client.renderer.texture.TextureAtlas/]: Created: 512x256x2 minecraft:textures/atlas/shulker_boxes.png-atlas
[0610月2026 14:41:01.497] [Forge Version Check/DEBUG] [net.minecraftforge.fml.VersionChecker/]: [forge] Received version check data:
{
  "homepage": "https://files.minecraftforge.net/net/minecraftforge/forge/",
  "promos": {
    "1.1-latest": "1.3.4.29",
    "1.2.3-latest": "1.4.1.64",
    "1.2.4-latest": "2.0.0.68",
    "1.2.5-latest": "3.4.9.171",
    "1.3.2-latest": "4.3.5.318",
    "1.4.0-latest": "5.0.0.326",
    "1.4.1-latest": "6.0.0.329",
    "1.4.2-latest": "6.0.1.355",
    "1.4.3-latest": "6.2.1.358",
    "1.4.4-latest": "6.3.0.378",
    "1.4.5-latest": "6.4.2.448",
    "1.4.6-latest": "6.5.0.489",
    "1.4.7-latest": "6.6.2.534",
    "1.5-latest": "7.7.0.598",
    "1.5.1-latest": "7.7.2.682",
    "1.5.2-latest": "7.8.1.738",
    "1.5.2-recommended": "7.8.1.738",
    "1.6.1-latest": "8.9.0.775",
    "1.6.2-latest": "9.10.1.871",
    "1.6.2-recommended": "9.10.1.871",
    "1.6.3-latest": "9.11.0.878",
    "1.6.4-latest": "9.11.1.1345",
    "1.6.4-recommended": "9.11.1.1345",
    "1.7.2-latest": "10.12.2.1161",
    "1.7.2-recommended": "10.12.2.1161",
    "1.7.10-latest": "10.13.4.1614",
    "1.7.10-recommended": "10.13.4.1614",
    "1.8-latest": "11.14.4.1577",
    "1.8-recommended": "11.14.4.1563",
    "1.8.8-latest": "11.15.0.1655",
    "1.8.9-latest": "11.15.1.2318",
    "1.8.9-recommended": "11.15.1.2318",
    "1.9-latest": "12.16.1.1938",
    "1.9-recommended": "12.16.1.1887",
    "1.9.4-latest": "12.17.0.2317",
    "1.9.4-recommended": "12.17.0.2317",
    "1.10-latest": "12.18.0.2000",
    "1.10.2-latest": "12.18.3.2511",
    "1.10.2-recommended": "12.18.3.2511",
    "1.11-latest": "13.19.1.2199",
    "1.11-recommended": "13.19.1.2189",
    "1.11.2-latest": "13.20.1.2588",
    "1.11.2-recommended": "13.20.1.2588",
    "1.12-latest": "14.21.1.2443",
    "1.12-recommended": "14.21.1.2387",
    "1.12.1-latest": "14.22.1.2485",
    "1.12.1-recommended": "14.22.1.2478",
    "1.12.2-latest": "14.23.5.2864",
    "1.12.2-recommended": "14.23.5.2859",
    "1.13.2-latest": "25.0.223",
    "1.14.2-latest": "26.0.63",
    "1.14.3-latest": "27.0.60",
    "1.14.4-latest": "28.2.30",
    "1.14.4-recommended": "28.2.26",
    "1.15-latest": "29.0.4",
    "1.15.1-latest": "30.0.51",
    "1.15.2-latest": "31.2.62",
    "1.15.2-recommended": "31.2.57",
    "1.16.1-latest": "32.0.108",
    "1.16.2-latest": "33.0.61",
    "1.16.3-latest": "34.1.42",
    "1.16.3-recommended": "34.1.0",
    "1.16.4-latest": "35.1.37",
    "1.16.4-recommended": "35.1.4",
    "1.16.5-latest": "36.2.42",
    "1.16.5-recommended": "36.2.34",
    "1.17.1-latest": "37.1.1",
    "1.17.1-recommended": "37.1.1",
    "1.18-latest": "38.0.17",
    "1.18.1-latest": "39.1.2",
    "1.18.1-recommended": "39.1.0",
    "1.18.2-recommended": "40.3.0",
    "1.18.2-latest": "40.3.12",
    "1.19-latest": "41.1.0",
    "1.19-recommended": "41.1.0",
    "1.19.1-latest": "42.0.9",
    "1.19.2-recommended": "43.5.0",
    "1.19.2-latest": "43.5.2",
    "1.19.3-latest": "44.1.23",
    "1.19.3-recommended": "44.1.0",
    "1.19.4-recommended": "45.4.0",
    "1.19.4-latest": "45.4.5",
    "1.20-latest": "46.0.14",
    "1.20.1-recommended": "47.4.10",
    "1.20.1-latest": "47.4.26",
    "1.20.2-latest": "48.1.0",
    "1.20.2-recommended": "48.1.0",
    "1.20.3-latest": "49.0.2",
    "1.20.4-latest": "49.2.8",
    "1.20.4-recommended": "49.2.0",
    "1.20.6-latest": "50.2.10",
    "1.20.6-recommended": "50.2.0",
    "1.21-latest": "51.0.33",
    "1.21.1-latest": "52.1.16",
    "1.21.1-recommended": "52.1.0",
    "1.21.3-latest": "53.1.12",
    "1.21.3-recommended": "53.1.0",
    "1.21.4-latest": "54.1.18",
    "1.21.4-recommended": "54.1.14",
    "1.21.5-latest": "55.1.14",
    "1.21.5-recommended": "55.1.0",
    "1.21.6-latest": "56.0.9",
    "1.21.7-latest": "57.0.3",
    "1.21.8-latest": "58.1.22",
    "1.21.8-recommended": "58.1.0",
    "1.21.9-latest": "59.0.5",
    "1.21.10-latest": "60.1.15",
    "1.21.10-recommended": "60.1.0",
    "1.21.11-latest": "61.2.1",
    "1.21.11-recommended": "61.2.0",
    "26.1-latest": "62.0.9",
    "26.1.1-latest": "63.0.2",
    "26.1.2-latest": "64.1.3",
    "26.1.2-recommended": "64.1.0",
    "26.2-latest": "65.1.3",
    "26.2-recommended": "65.1.0",
    "26.3-latest": "66.0.9"
  }
}
[0610月2026 14:41:01.498] [Forge Version Check/INFO] [net.minecraftforge.fml.VersionChecker/]: [forge] Found status: OUTDATED Current: 47.3.0 Target: 47.4.10
[0610月2026 14:41:01.567] [Render thread/WARN] [net.minecraft.client.renderer.ShaderInstance/]: Shader rendertype_entity_translucent_emissive could not find sampler named Sampler2 in the specified shader program.
[0610月2026 14:41:01.604] [Render thread/WARN] [net.minecraft.client.renderer.ShaderInstance/]: Shader avaritia:black_hole could not find uniform named ScreenSize in the specified shader program.
[0610月2026 14:41:01.604] [Render thread/WARN] [net.minecraft.client.renderer.ShaderInstance/]: Shader avaritia:black_hole could not find uniform named Mass in the specified shader program.
[0610月2026 14:41:01.627] [Render thread/INFO] [net.minecraft.client.renderer.texture.TextureAtlas/]: Created: 256x256x0 minecraft:textures/atlas/particles.png-atlas
[0610月2026 14:41:01.629] [Render thread/INFO] [net.minecraft.client.renderer.texture.TextureAtlas/]: Created: 256x256x0 minecraft:textures/atlas/paintings.png-atlas
[0610月2026 14:41:01.629] [Render thread/INFO] [net.minecraft.client.renderer.texture.TextureAtlas/]: Created: 128x128x0 minecraft:textures/atlas/mob_effects.png-atlas
[0610月2026 14:41:02.493] [Realms Notification Availability checker #1/INFO] [com.mojang.realmsclient.client.RealmsClient/]: Could not authorize you against Realms server: java.lang.RuntimeException: Failed to parse into SignedJWT: 0
[0610月2026 14:42:37.933] [Render thread/INFO] [net.minecraftforge.registries.GameData/REGISTRIES]: Injecting existing registry data into this CLIENT instance
[0610月2026 14:42:37.962] [Render thread/DEBUG] [net.minecraftforge.registries.ForgeRegistry/REGISTRIES]: Registry minecraft:block Sync: ACTIVE -> STAGING
[0610月2026 14:42:37.964] [Render thread/DEBUG] [net.minecraftforge.registries.ForgeRegistry/REGISTRIES]: Registry minecraft:fluid Sync: ACTIVE -> STAGING
[0610月2026 14:42:37.964] [Render thread/DEBUG] [net.minecraftforge.registries.ForgeRegistry/REGISTRIES]: Registry minecraft:item Sync: ACTIVE -> STAGING
[0610月2026 14:42:37.967] [Render thread/DEBUG] [net.minecraftforge.registries.ForgeRegistry/REGISTRIES]: Registry minecraft:mob_effect Sync: ACTIVE -> STAGING
[0610月2026 14:42:37.967] [Render thread/DEBUG] [net.minecraftforge.registries.ForgeRegistry/REGISTRIES]: Registry minecraft:sound_event Sync: ACTIVE -> STAGING
[0610月2026 14:42:37.970] [Render thread/DEBUG] [net.minecraftforge.registries.ForgeRegistry/REGISTRIES]: Registry minecraft:potion Sync: ACTIVE -> STAGING
[0610月2026 14:42:37.970] [Render thread/DEBUG] [net.minecraftforge.registries.ForgeRegistry/REGISTRIES]: Registry minecraft:enchantment Sync: ACTIVE -> STAGING
[0610月2026 14:42:37.970] [Render thread/DEBUG] [net.minecraftforge.registries.ForgeRegistry/REGISTRIES]: Registry minecraft:entity_type Sync: ACTIVE -> STAGING
[0610月2026 14:42:37.970] [Render thread/DEBUG] [net.minecraftforge.registries.ForgeRegistry/REGISTRIES]: Registry minecraft:block_entity_type Sync: ACTIVE -> STAGING
[0610月2026 14:42:37.970] [Render thread/DEBUG] [net.minecraftforge.registries.ForgeRegistry/REGISTRIES]: Registry minecraft:particle_type Sync: ACTIVE -> STAGING
[0610月2026 14:42:37.970] [Render thread/DEBUG] [net.minecraftforge.registries.ForgeRegistry/REGISTRIES]: Registry minecraft:menu Sync: ACTIVE -> STAGING
[0610月2026 14:42:37.970] [Render thread/DEBUG] [net.minecraftforge.registries.ForgeRegistry/REGISTRIES]: Registry minecraft:painting_variant Sync: ACTIVE -> STAGING
[0610月2026 14:42:37.970] [Render thread/DEBUG] [net.minecraftforge.registries.ForgeRegistry/REGISTRIES]: Registry minecraft:recipe_type Sync: ACTIVE -> STAGING
[0610月2026 14:42:37.970] [Render thread/DEBUG] [net.minecraftforge.registries.ForgeRegistry/REGISTRIES]: Registry minecraft:recipe_serializer Sync: ACTIVE -> STAGING
[0610月2026 14:42:37.970] [Render thread/DEBUG] [net.minecraftforge.registries.ForgeRegistry/REGISTRIES]: Registry minecraft:attribute Sync: ACTIVE -> STAGING
[0610月2026 14:42:37.971] [Render thread/DEBUG] [net.minecraftforge.registries.ForgeRegistry/REGISTRIES]: Registry minecraft:stat_type Sync: ACTIVE -> STAGING
[0610月2026 14:42:37.971] [Render thread/DEBUG] [net.minecraftforge.registries.ForgeRegistry/REGISTRIES]: Registry minecraft:command_argument_type Sync: ACTIVE -> STAGING
[0610月2026 14:42:37.971] [Render thread/DEBUG] [net.minecraftforge.registries.ForgeRegistry/REGISTRIES]: Registry minecraft:villager_profession Sync: ACTIVE -> STAGING
[0610月2026 14:42:37.971] [Render thread/DEBUG] [net.minecraftforge.registries.ForgeRegistry/REGISTRIES]: Registry minecraft:point_of_interest_type Sync: ACTIVE -> STAGING
[0610月2026 14:42:37.971] [Render thread/DEBUG] [net.minecraftforge.registries.ForgeRegistry/REGISTRIES]: Registry minecraft:memory_module_type Sync: ACTIVE -> STAGING
[0610月2026 14:42:37.971] [Render thread/DEBUG] [net.minecraftforge.registries.ForgeRegistry/REGISTRIES]: Registry minecraft:sensor_type Sync: ACTIVE -> STAGING
[0610月2026 14:42:37.971] [Render thread/DEBUG] [net.minecraftforge.registries.ForgeRegistry/REGISTRIES]: Registry minecraft:schedule Sync: ACTIVE -> STAGING
[0610月2026 14:42:37.971] [Render thread/DEBUG] [net.minecraftforge.registries.ForgeRegistry/REGISTRIES]: Registry minecraft:activity Sync: ACTIVE -> STAGING
[0610月2026 14:42:37.972] [Render thread/DEBUG] [net.minecraftforge.registries.ForgeRegistry/REGISTRIES]: Registry minecraft:worldgen/carver Sync: ACTIVE -> STAGING
[0610月2026 14:42:37.972] [Render thread/DEBUG] [net.minecraftforge.registries.ForgeRegistry/REGISTRIES]: Registry minecraft:worldgen/feature Sync: ACTIVE -> STAGING
[0610月2026 14:42:37.972] [Render thread/DEBUG] [net.minecraftforge.registries.ForgeRegistry/REGISTRIES]: Registry minecraft:chunk_status Sync: ACTIVE -> STAGING
[0610月2026 14:42:37.972] [Render thread/DEBUG] [net.minecraftforge.registries.ForgeRegistry/REGISTRIES]: Registry minecraft:worldgen/block_state_provider_type Sync: ACTIVE -> STAGING
[0610月2026 14:42:37.972] [Render thread/DEBUG] [net.minecraftforge.registries.ForgeRegistry/REGISTRIES]: Registry minecraft:worldgen/foliage_placer_type Sync: ACTIVE -> STAGING
[0610月2026 14:42:37.972] [Render thread/DEBUG] [net.minecraftforge.registries.ForgeRegistry/REGISTRIES]: Registry minecraft:worldgen/tree_decorator_type Sync: ACTIVE -> STAGING
[0610月2026 14:42:37.972] [Render thread/DEBUG] [net.minecraftforge.registries.ForgeRegistry/REGISTRIES]: Registry minecraft:worldgen/biome Sync: ACTIVE -> STAGING
[0610月2026 14:42:37.972] [Render thread/DEBUG] [net.minecraftforge.registries.ForgeRegistry/REGISTRIES]: Registry forge:entity_data_serializers Sync: ACTIVE -> STAGING
[0610月2026 14:42:37.972] [Render thread/DEBUG] [net.minecraftforge.registries.ForgeRegistry/REGISTRIES]: Registry forge:global_loot_modifier_serializers Sync: ACTIVE -> STAGING
[0610月2026 14:42:37.972] [Render thread/DEBUG] [net.minecraftforge.registries.ForgeRegistry/REGISTRIES]: Registry forge:biome_modifier_serializers Sync: ACTIVE -> STAGING
[0610月2026 14:42:37.972] [Render thread/DEBUG] [net.minecraftforge.registries.ForgeRegistry/REGISTRIES]: Registry forge:fluid_type Sync: ACTIVE -> STAGING
[0610月2026 14:42:37.972] [Render thread/DEBUG] [net.minecraftforge.registries.ForgeRegistry/REGISTRIES]: Registry forge:structure_modifier_serializers Sync: ACTIVE -> STAGING
[0610月2026 14:42:37.972] [Render thread/DEBUG] [net.minecraftforge.registries.ForgeRegistry/REGISTRIES]: Registry forge:holder_set_type Sync: ACTIVE -> STAGING
[0610月2026 14:42:37.972] [Render thread/DEBUG] [net.minecraftforge.registries.ForgeRegistry/REGISTRIES]: Registry forge:display_contexts Sync: ACTIVE -> STAGING
[0610月2026 14:42:38.136] [Render thread/DEBUG] [net.minecraftforge.registries.ObjectHolderRegistry/REGISTRIES]: Applying holder lookups
[0610月2026 14:42:38.139] [Render thread/DEBUG] [net.minecraftforge.registries.ObjectHolderRegistry/REGISTRIES]: Holder lookups applied
[0610月2026 14:42:38.157] [Render thread/DEBUG] [mixin/]: Mixing ServerPlayerGameModeAccessor from avaritia.mixins.json into net.minecraft.server.level.ServerPlayerGameMode
[0610月2026 14:42:38.172] [Render thread/DEBUG] [net.minecraftforge.server.ServerLifecycleHooks/CORE]: Generating PackInfo named mod:avaritia for mod file C:\Users\12501\.gradle\caches\forge_gradle\deobf_dependencies\committee\nova\mods\avaritia-1.20.1\1.4.2_mapped_official_1.20.1\avaritia-1.20.1-1.4.2_mapped_official_1.20.1.jar
[0610月2026 14:42:38.173] [Render thread/DEBUG] [net.minecraftforge.server.ServerLifecycleHooks/CORE]: Generating PackInfo named mod:forge for mod file /
[0610月2026 14:42:38.174] [Render thread/DEBUG] [net.minecraftforge.server.ServerLifecycleHooks/CORE]: Generating PackInfo named mod:avaritia_spear for mod file C:\Users\12501\MCreatorWorkspaces\avaritia_spear-1.20.1\build\resources\main
[0610月2026 14:42:38.174] [Render thread/DEBUG] [net.minecraftforge.server.ServerLifecycleHooks/CORE]: Generating PackInfo named mod:spearcore for mod file C:\Users\12501\.gradle\caches\forge_gradle\deobf_dependencies\net\minecraft\spearcore\spearcore-1.20.1-forge\3.0.0_mapped_official_1.20.1\spearcore-1.20.1-forge-3.0.0_mapped_official_1.20.1.jar
[0610月2026 14:42:38.705] [Render thread/DEBUG] [net.minecraftforge.coremod.transformer.CoreModBaseTransformer/COREMOD]: Transforming net/minecraft/server/commands/SummonCommand
[0610月2026 14:42:38.925] [Worker-Main-12/DEBUG] [net.minecraftforge.coremod.transformer.CoreModBaseTransformer/COREMOD]: Transforming net/minecraft/world/entity/raid/Raid
[0610月2026 14:42:39.191] [Render thread/DEBUG] [committee.nova.mods.avaritia.Const/]: Singularity: Skipping avaritia:refined_obsidian because its conditions were not met
[0610月2026 14:42:39.191] [Render thread/DEBUG] [committee.nova.mods.avaritia.Const/]: Singularity: Skipping avaritia:steel because its conditions were not met
[0610月2026 14:42:39.196] [Render thread/DEBUG] [committee.nova.mods.avaritia.Const/]: Singularity: Skipping avaritia:platinum because its conditions were not met
[0610月2026 14:42:39.196] [Render thread/DEBUG] [committee.nova.mods.avaritia.Const/]: Singularity: Skipping avaritia:bronze because its conditions were not met
[0610月2026 14:42:39.196] [Render thread/DEBUG] [committee.nova.mods.avaritia.Const/]: Singularity: Skipping avaritia:osmium because its conditions were not met
[0610月2026 14:42:39.196] [Render thread/DEBUG] [committee.nova.mods.avaritia.Const/]: Singularity: Skipping avaritia:electrum because its conditions were not met
[0610月2026 14:42:39.196] [Render thread/DEBUG] [committee.nova.mods.avaritia.Const/]: Singularity: Skipping avaritia:nickel because its conditions were not met
[0610月2026 14:42:39.196] [Render thread/DEBUG] [committee.nova.mods.avaritia.Const/]: Singularity: Skipping avaritia:uranium because its conditions were not met
[0610月2026 14:42:39.196] [Render thread/DEBUG] [committee.nova.mods.avaritia.Const/]: Singularity: Skipping avaritia:tin because its conditions were not met
[0610月2026 14:42:39.196] [Render thread/DEBUG] [committee.nova.mods.avaritia.Const/]: Singularity: Skipping avaritia:invar because its conditions were not met
[0610月2026 14:42:39.196] [Render thread/DEBUG] [committee.nova.mods.avaritia.Const/]: Singularity: Skipping avaritia:aluminum because its conditions were not met
[0610月2026 14:42:39.196] [Render thread/DEBUG] [committee.nova.mods.avaritia.Const/]: Singularity: Skipping avaritia:silver because its conditions were not met
[0610月2026 14:42:39.196] [Render thread/DEBUG] [committee.nova.mods.avaritia.Const/]: Singularity: Skipping avaritia:lead because its conditions were not met
[0610月2026 14:42:39.204] [Render thread/INFO] [net.minecraft.world.item.crafting.RecipeManager/]: Skipping loading recipe avaritia:botania_mana_tablet as it's serializer returned null
[0610月2026 14:42:39.207] [Render thread/INFO] [net.minecraft.world.item.crafting.RecipeManager/]: Skipping loading recipe avaritia:mek_creative_chemical_tank as it's serializer returned null
[0610月2026 14:42:39.208] [Render thread/INFO] [net.minecraft.world.item.crafting.RecipeManager/]: Skipping loading recipe avaritia:tc3_creative_slot_defense as it's serializer returned null
[0610月2026 14:42:39.208] [Render thread/INFO] [net.minecraft.world.item.crafting.RecipeManager/]: Skipping loading recipe avaritia:mek_creative_fluid_tank as it's serializer returned null
[0610月2026 14:42:39.209] [Render thread/INFO] [net.minecraft.world.item.crafting.RecipeManager/]: Skipping loading recipe avaritia:mek_creative_energy_cube as it's serializer returned null
[0610月2026 14:42:39.212] [Render thread/INFO] [net.minecraft.world.item.crafting.RecipeManager/]: Skipping loading recipe avaritia:mek_creative_bin as it's serializer returned null
[0610月2026 14:42:39.212] [Render thread/INFO] [net.minecraft.world.item.crafting.RecipeManager/]: Skipping loading recipe avaritia:eio_creative_power as it's serializer returned null
[0610月2026 14:42:39.213] [Render thread/INFO] [net.minecraft.world.item.crafting.RecipeManager/]: Skipping loading recipe avaritia:creative_storage_upgrade as it's serializer returned null
[0610月2026 14:42:39.215] [Render thread/INFO] [net.minecraft.world.item.crafting.RecipeManager/]: Skipping loading recipe avaritia:rs_creative_fluid_storage_disk as it's serializer returned null
[0610月2026 14:42:39.216] [Render thread/INFO] [net.minecraft.world.item.crafting.RecipeManager/]: Skipping loading recipe avaritia:de_creative_capacitor as it's serializer returned null
[0610月2026 14:42:39.216] [Render thread/INFO] [net.minecraft.world.item.crafting.RecipeManager/]: Skipping loading recipe avaritia:rs_creative_controller as it's serializer returned null
[0610月2026 14:42:39.217] [Render thread/INFO] [net.minecraft.world.item.crafting.RecipeManager/]: Skipping loading recipe avaritia:tc3_creative_slot_upgrades as it's serializer returned null
[0610月2026 14:42:39.217] [Render thread/INFO] [net.minecraft.world.item.crafting.RecipeManager/]: Skipping loading recipe avaritia:de_creative_op_capacitor as it's serializer returned null
[0610月2026 14:42:39.217] [Render thread/INFO] [net.minecraft.world.item.crafting.RecipeManager/]: Skipping loading recipe avaritia:tc3_creative_slot_souls as it's serializer returned null
[0610月2026 14:42:39.217] [Render thread/INFO] [net.minecraft.world.item.crafting.RecipeManager/]: Skipping loading recipe avaritia:ae2_creative_energy_cell as it's serializer returned null
[0610月2026 14:42:39.218] [Render thread/INFO] [net.minecraft.world.item.crafting.RecipeManager/]: Skipping loading recipe avaritia:rs_creative_wireless_grid as it's serializer returned null
[0610月2026 14:42:39.218] [Render thread/INFO] [net.minecraft.world.item.crafting.RecipeManager/]: Skipping loading recipe avaritia:botania_creative_pool as it's serializer returned null
[0610月2026 14:42:39.218] [Render thread/INFO] [net.minecraft.world.item.crafting.RecipeManager/]: Skipping loading recipe avaritia:tc3_creative_slot_ability as it's serializer returned null
[0610月2026 14:42:39.219] [Render thread/INFO] [net.minecraft.world.item.crafting.RecipeManager/]: Skipping loading recipe avaritia:rs_creative_storage_disk as it's serializer returned null
[0610月2026 14:42:39.219] [Render thread/INFO] [net.minecraft.world.item.crafting.RecipeManager/]: Loaded 10 recipes
[0610月2026 14:42:39.270] [Render thread/INFO] [net.minecraft.advancements.AdvancementList/]: Loaded 1445 advancements
[0610月2026 14:42:39.274] [Render thread/INFO] [committee.nova.mods.avaritia.Const/]: Singularity: Regenerated 14 recipes
[0610月2026 14:42:39.276] [Render thread/INFO] [committee.nova.mods.avaritia.Const/]: Singularity: Finalized script transaction and regenerated 14 internal recipes
[0610月2026 14:42:39.437] [Render thread/DEBUG] [net.minecraftforge.common.ForgeHooks/WP]: Gathering id map for writing to world save 新的世界
[0610月2026 14:42:39.444] [Render thread/DEBUG] [net.minecraftforge.common.ForgeHooks/WP]: ID Map collection complete 新的世界
[0610月2026 14:42:39.473] [Server thread/INFO] [net.minecraft.client.server.IntegratedServer/]: Starting integrated minecraft server version 1.20.1
[0610月2026 14:42:39.473] [Server thread/INFO] [net.minecraft.server.MinecraftServer/]: Generating keypair
[0610月2026 14:42:39.511] [Server thread/DEBUG] [net.minecraftforge.fml.config.ConfigTracker/CONFIG]: Loading configs type SERVER
[0610月2026 14:42:39.511] [Server thread/DEBUG] [net.minecraftforge.fml.config.ConfigFileTypeHandler/CONFIG]: Built TOML config for .\saves\新的世界\serverconfig\forge-server.toml
[0610月2026 14:42:39.513] [Server thread/DEBUG] [net.minecraftforge.fml.config.ConfigFileTypeHandler/CONFIG]: Loaded TOML config file .\saves\新的世界\serverconfig\forge-server.toml
[0610月2026 14:42:39.513] [Server thread/DEBUG] [net.minecraftforge.fml.config.ConfigFileTypeHandler/CONFIG]: Watching TOML config file .\saves\新的世界\serverconfig\forge-server.toml for changes
[0610月2026 14:42:39.513] [Server thread/DEBUG] [net.minecraftforge.common.ForgeConfig/FORGEMOD]: Loaded forge config file forge-server.toml
[0610月2026 14:42:39.540] [Server thread/DEBUG] [committee.nova.mods.avaritia.Const/]: 无尽箱子数据加载完毕
[0610月2026 14:42:39.543] [Server thread/DEBUG] [committee.nova.mods.avaritia.Const/]: 频道数据加载完毕
[0610月2026 14:42:39.549] [Server thread/DEBUG] [net.minecraftforge.coremod.transformer.CoreModBaseTransformer/COREMOD]: Transforming net/minecraft/world/level/levelgen/PhantomSpawner
[0610月2026 14:42:39.551] [Server thread/DEBUG] [net.minecraftforge.coremod.transformer.CoreModBaseTransformer/COREMOD]: Transforming net/minecraft/world/level/levelgen/PatrolSpawner
[0610月2026 14:42:39.553] [Server thread/DEBUG] [net.minecraftforge.coremod.transformer.CoreModBaseTransformer/COREMOD]: Transforming net/minecraft/world/entity/npc/CatSpawner
[0610月2026 14:42:39.555] [Server thread/DEBUG] [net.minecraftforge.coremod.transformer.CoreModBaseTransformer/COREMOD]: Transforming net/minecraft/world/entity/ai/village/VillageSiege
[0610月2026 14:42:39.696] [Server thread/INFO] [net.minecraft.server.MinecraftServer/]: Preparing start region for dimension minecraft:overworld
[0610月2026 14:42:40.727] [Server thread/DEBUG] [net.minecraftforge.coremod.transformer.CoreModBaseTransformer/COREMOD]: Transforming net/minecraft/world/level/levelgen/structure/templatesystem/StructureTemplate
[0610月2026 14:42:40.833] [Render thread/INFO] [net.minecraft.server.level.progress.LoggerChunkProgressListener/]: 准备生成区域中：0%
[0610月2026 14:42:40.833] [Render thread/INFO] [net.minecraft.server.level.progress.LoggerChunkProgressListener/]: 准备生成区域中：0%
[0610月2026 14:42:40.833] [Render thread/INFO] [net.minecraft.server.level.progress.LoggerChunkProgressListener/]: 准备生成区域中：0%
[0610月2026 14:42:41.228] [Server thread/INFO] [net.minecraftforge.server.permission.PermissionAPI/]: Successfully initialized permission handler forge:default_handler
[0610月2026 14:42:41.231] [Render thread/INFO] [net.minecraft.server.level.progress.LoggerChunkProgressListener/]: 准备生成区域中：84%
[0610月2026 14:42:41.231] [Render thread/INFO] [net.minecraft.server.level.progress.LoggerChunkProgressListener/]: Time elapsed: 1517 ms
[0610月2026 14:42:41.266] [Server thread/DEBUG] [io.netty.buffer.AbstractByteBuf/]: -Dio.netty.buffer.checkAccessible: true
[0610月2026 14:42:41.266] [Server thread/DEBUG] [io.netty.buffer.AbstractByteBuf/]: -Dio.netty.buffer.checkBounds: true
[0610月2026 14:42:41.267] [Server thread/DEBUG] [io.netty.util.ResourceLeakDetectorFactory/]: Loaded default ResourceLeakDetector: io.netty.util.ResourceLeakDetector@5a42689e
[0610月2026 14:42:41.276] [Server thread/DEBUG] [net.minecraftforge.coremod.transformer.CoreModBaseTransformer/COREMOD]: Transforming net/minecraft/world/level/NaturalSpawner
[0610月2026 14:42:41.303] [Server thread/INFO] [net.minecraft.client.server.IntegratedServer/]: Changing view distance to 5, from 10
[0610月2026 14:42:41.304] [Server thread/INFO] [net.minecraft.client.server.IntegratedServer/]: Changing simulation distance to 12, from 0
[0610月2026 14:42:41.344] [Render thread/DEBUG] [io.netty.channel.MultithreadEventLoopGroup/]: -Dio.netty.eventLoopThreads: 40
[0610月2026 14:42:41.353] [Server thread/DEBUG] [mixin/]: Mixing InitEnchantMixin from avaritia_spear.mixins.json into net.minecraft.world.item.enchantment.EnchantmentHelper
[0610月2026 14:42:41.354] [Server thread/DEBUG] [mixin/]: Mixing EnchantmentHelperMixin from avaritia.mixins.json into net.minecraft.world.item.enchantment.EnchantmentHelper
[0610月2026 14:42:41.357] [Render thread/DEBUG] [io.netty.util.internal.InternalThreadLocalMap/]: -Dio.netty.threadLocalMap.stringBuilder.initialSize: 1024
[0610月2026 14:42:41.357] [Render thread/DEBUG] [io.netty.util.internal.InternalThreadLocalMap/]: -Dio.netty.threadLocalMap.stringBuilder.maxSize: 4096
[0610月2026 14:42:41.360] [Render thread/DEBUG] [io.netty.channel.nio.NioEventLoop/]: -Dio.netty.noKeySetOptimization: false
[0610月2026 14:42:41.360] [Render thread/DEBUG] [io.netty.channel.nio.NioEventLoop/]: -Dio.netty.selectorAutoRebuildThreshold: 512
[0610月2026 14:42:41.364] [Render thread/DEBUG] [io.netty.util.internal.PlatformDependent/]: org.jctools-core.MpscChunkedArrayQueue: available
[0610月2026 14:42:41.435] [Render thread/DEBUG] [io.netty.channel.DefaultChannelId/]: -Dio.netty.processId: 37660 (auto-detected)
[0610月2026 14:42:41.442] [Render thread/WARN] [io.netty.util.internal.SystemPropertyUtil/]: Unable to parse the boolean system property 'java.net.preferIPv6Addresses':system - using the default value: false
[0610月2026 14:42:41.443] [Render thread/DEBUG] [io.netty.util.NetUtil/]: -Djava.net.preferIPv4Stack: false
[0610月2026 14:42:41.443] [Render thread/DEBUG] [io.netty.util.NetUtil/]: -Djava.net.preferIPv6Addresses: false
[0610月2026 14:42:41.461] [Render thread/DEBUG] [io.netty.util.NetUtilInitializations/]: Loopback interface: lo (Software Loopback Interface 1, 127.0.0.1)
[0610月2026 14:42:41.463] [Render thread/DEBUG] [io.netty.util.NetUtil/]: Failed to get SOMAXCONN from sysctl and file \proc\sys\net\core\somaxconn. Default: 200
[0610月2026 14:42:41.510] [Render thread/DEBUG] [io.netty.channel.DefaultChannelId/]: -Dio.netty.machineId: e8:c8:29:ff:fe:2f:35:23 (auto-detected)
[0610月2026 14:42:41.520] [Render thread/DEBUG] [io.netty.buffer.PooledByteBufAllocator/]: -Dio.netty.allocator.numHeapArenas: 40
[0610月2026 14:42:41.520] [Render thread/DEBUG] [io.netty.buffer.PooledByteBufAllocator/]: -Dio.netty.allocator.numDirectArenas: 40
[0610月2026 14:42:41.520] [Render thread/DEBUG] [io.netty.buffer.PooledByteBufAllocator/]: -Dio.netty.allocator.pageSize: 8192
[0610月2026 14:42:41.520] [Render thread/DEBUG] [io.netty.buffer.PooledByteBufAllocator/]: -Dio.netty.allocator.maxOrder: 9
[0610月2026 14:42:41.520] [Render thread/DEBUG] [io.netty.buffer.PooledByteBufAllocator/]: -Dio.netty.allocator.chunkSize: 4194304
[0610月2026 14:42:41.520] [Render thread/DEBUG] [io.netty.buffer.PooledByteBufAllocator/]: -Dio.netty.allocator.smallCacheSize: 256
[0610月2026 14:42:41.520] [Render thread/DEBUG] [io.netty.buffer.PooledByteBufAllocator/]: -Dio.netty.allocator.normalCacheSize: 64
[0610月2026 14:42:41.520] [Render thread/DEBUG] [io.netty.buffer.PooledByteBufAllocator/]: -Dio.netty.allocator.maxCachedBufferCapacity: 32768
[0610月2026 14:42:41.520] [Render thread/DEBUG] [io.netty.buffer.PooledByteBufAllocator/]: -Dio.netty.allocator.cacheTrimInterval: 8192
[0610月2026 14:42:41.520] [Render thread/DEBUG] [io.netty.buffer.PooledByteBufAllocator/]: -Dio.netty.allocator.cacheTrimIntervalMillis: 0
[0610月2026 14:42:41.520] [Render thread/DEBUG] [io.netty.buffer.PooledByteBufAllocator/]: -Dio.netty.allocator.useCacheForAllThreads: false
[0610月2026 14:42:41.520] [Render thread/DEBUG] [io.netty.buffer.PooledByteBufAllocator/]: -Dio.netty.allocator.maxCachedByteBuffersPerChunk: 1023
[0610月2026 14:42:41.526] [Render thread/DEBUG] [io.netty.buffer.ByteBufUtil/]: -Dio.netty.allocator.type: pooled
[0610月2026 14:42:41.526] [Render thread/DEBUG] [io.netty.buffer.ByteBufUtil/]: -Dio.netty.threadLocalDirectBufferSize: 0
[0610月2026 14:42:41.526] [Render thread/DEBUG] [io.netty.buffer.ByteBufUtil/]: -Dio.netty.maxThreadLocalCharBufferSize: 16384
[0610月2026 14:42:41.549] [Netty Local Client IO #0/DEBUG] [net.minecraftforge.network.HandshakeHandler/FMLHANDSHAKE]: Starting local connection.
[0610月2026 14:42:41.630] [Netty Local Client IO #0/DEBUG] [io.netty.util.Recycler/]: -Dio.netty.recycler.maxCapacityPerThread: 4096
[0610月2026 14:42:41.630] [Netty Local Client IO #0/DEBUG] [io.netty.util.Recycler/]: -Dio.netty.recycler.ratio: 8
[0610月2026 14:42:41.630] [Netty Local Client IO #0/DEBUG] [io.netty.util.Recycler/]: -Dio.netty.recycler.chunkSize: 32
[0610月2026 14:42:41.630] [Netty Local Client IO #0/DEBUG] [io.netty.util.Recycler/]: -Dio.netty.recycler.blocking: false
[0610月2026 14:42:41.647] [Netty Server IO #1/DEBUG] [net.minecraftforge.network.HandshakeHandler/FMLHANDSHAKE]: Starting local connection.
[0610月2026 14:42:41.697] [Server thread/DEBUG] [net.minecraftforge.network.HandshakeHandler/FMLHANDSHAKE]: Sending ticking packet info 'net.minecraftforge.network.HandshakeMessages$S2CModData' to 'fml:handshake' sequence 0
[0610月2026 14:42:41.704] [Netty Local Client IO #0/DEBUG] [net.minecraftforge.network.LoginWrapper/FMLHANDSHAKE]: Recieved login wrapper packet event for channel fml:handshake with index 0
[0610月2026 14:42:41.741] [Server thread/DEBUG] [net.minecraftforge.network.HandshakeHandler/FMLHANDSHAKE]: Sending ticking packet info 'net.minecraftforge.network.HandshakeMessages$S2CModList' to 'fml:handshake' sequence 1
[0610月2026 14:42:41.741] [Netty Local Client IO #0/DEBUG] [net.minecraftforge.network.LoginWrapper/FMLHANDSHAKE]: Recieved login wrapper packet event for channel fml:handshake with index 1
[0610月2026 14:42:41.743] [Netty Local Client IO #0/DEBUG] [net.minecraftforge.network.HandshakeHandler/FMLHANDSHAKE]: Logging into server with mod list [minecraft, avaritia, forge, avaritia_spear, spearcore]
[0610月2026 14:42:41.746] [Netty Local Client IO #0/DEBUG] [net.minecraftforge.network.NetworkRegistry/NETREGISTRY]: Channel 'fml:loginwrapper' : Version test of 'FML3' from server : ACCEPTED
[0610月2026 14:42:41.746] [Netty Local Client IO #0/DEBUG] [net.minecraftforge.network.NetworkRegistry/NETREGISTRY]: Channel 'forge:tier_sorting' : Version test of '1.0' from server : ACCEPTED
[0610月2026 14:42:41.746] [Netty Local Client IO #0/DEBUG] [net.minecraftforge.network.NetworkRegistry/NETREGISTRY]: Channel 'fml:handshake' : Version test of 'FML3' from server : ACCEPTED
[0610月2026 14:42:41.746] [Netty Local Client IO #0/DEBUG] [net.minecraftforge.network.NetworkRegistry/NETREGISTRY]: Channel 'spearcore:main' : Version test of '1' from server : ACCEPTED
[0610月2026 14:42:41.746] [Netty Local Client IO #0/DEBUG] [net.minecraftforge.network.NetworkRegistry/NETREGISTRY]: Channel 'minecraft:unregister' : Version test of 'FML3' from server : ACCEPTED
[0610月2026 14:42:41.746] [Netty Local Client IO #0/DEBUG] [net.minecraftforge.network.NetworkRegistry/NETREGISTRY]: Channel 'fml:play' : Version test of 'FML3' from server : ACCEPTED
[0610月2026 14:42:41.746] [Netty Local Client IO #0/DEBUG] [net.minecraftforge.network.NetworkRegistry/NETREGISTRY]: Channel 'minecraft:register' : Version test of 'FML3' from server : ACCEPTED
[0610月2026 14:42:41.746] [Netty Local Client IO #0/DEBUG] [net.minecraftforge.network.NetworkRegistry/NETREGISTRY]: Channel 'forge:split' : Version test of '1.1' from server : ACCEPTED
[0610月2026 14:42:41.746] [Netty Local Client IO #0/DEBUG] [net.minecraftforge.network.NetworkRegistry/NETREGISTRY]: Channel 'avaritia:main' : Version test of '1.0' from server : ACCEPTED
[0610月2026 14:42:41.746] [Netty Local Client IO #0/DEBUG] [net.minecraftforge.network.NetworkRegistry/NETREGISTRY]: Accepting channel list from server
[0610月2026 14:42:41.749] [Netty Local Client IO #0/DEBUG] [net.minecraftforge.network.LoginWrapper/FMLHANDSHAKE]: Dispatching wrapped packet reply for channel fml:handshake with index 1
[0610月2026 14:42:41.749] [Netty Local Client IO #0/DEBUG] [net.minecraftforge.network.HandshakeHandler/FMLHANDSHAKE]: Accepted server connection
[0610月2026 14:42:41.749] [Netty Server IO #1/DEBUG] [net.minecraftforge.network.LoginWrapper/FMLHANDSHAKE]: Recieved login wrapper packet event for channel fml:handshake with index 1
[0610月2026 14:42:41.749] [Netty Server IO #1/DEBUG] [net.minecraftforge.network.HandshakeHandler/FMLHANDSHAKE]: Received client indexed reply 1 of type net.minecraftforge.network.HandshakeMessages$C2SModListReply
[0610月2026 14:42:41.750] [Netty Server IO #1/DEBUG] [net.minecraftforge.network.HandshakeHandler/FMLHANDSHAKE]: Received client connection with modlist [minecraft, avaritia, forge, avaritia_spear, spearcore]
[0610月2026 14:42:41.751] [Netty Local Client IO #0/DEBUG] [net.minecraftforge.network.HandshakeHandler/REGISTRIES]: Expecting 19 registries: [minecraft:command_argument_type, minecraft:recipe_serializer, minecraft:sound_event, minecraft:particle_type, minecraft:villager_profession, minecraft:item, minecraft:potion, minecraft:painting_variant, forge:fluid_type, minecraft:block_entity_type, forge:display_contexts, minecraft:block, forge:entity_data_serializers, minecraft:mob_effect, minecraft:stat_type, minecraft:menu, minecraft:enchantment, minecraft:fluid, minecraft:entity_type]
[0610月2026 14:42:41.751] [Netty Server IO #1/DEBUG] [net.minecraftforge.network.NetworkRegistry/NETREGISTRY]: Channel 'fml:loginwrapper' : Version test of 'FML3' from client : ACCEPTED
[0610月2026 14:42:41.751] [Netty Server IO #1/DEBUG] [net.minecraftforge.network.NetworkRegistry/NETREGISTRY]: Channel 'forge:tier_sorting' : Version test of '1.0' from client : ACCEPTED
[0610月2026 14:42:41.751] [Netty Server IO #1/DEBUG] [net.minecraftforge.network.NetworkRegistry/NETREGISTRY]: Channel 'fml:handshake' : Version test of 'FML3' from client : ACCEPTED
[0610月2026 14:42:41.751] [Netty Server IO #1/DEBUG] [net.minecraftforge.network.NetworkRegistry/NETREGISTRY]: Channel 'spearcore:main' : Version test of '1' from client : ACCEPTED
[0610月2026 14:42:41.751] [Netty Server IO #1/DEBUG] [net.minecraftforge.network.NetworkRegistry/NETREGISTRY]: Channel 'minecraft:unregister' : Version test of 'FML3' from client : ACCEPTED
[0610月2026 14:42:41.751] [Netty Server IO #1/DEBUG] [net.minecraftforge.network.NetworkRegistry/NETREGISTRY]: Channel 'fml:play' : Version test of 'FML3' from client : ACCEPTED
[0610月2026 14:42:41.751] [Netty Server IO #1/DEBUG] [net.minecraftforge.network.NetworkRegistry/NETREGISTRY]: Channel 'minecraft:register' : Version test of 'FML3' from client : ACCEPTED
[0610月2026 14:42:41.751] [Netty Server IO #1/DEBUG] [net.minecraftforge.network.NetworkRegistry/NETREGISTRY]: Channel 'forge:split' : Version test of '1.1' from client : ACCEPTED
[0610月2026 14:42:41.751] [Netty Server IO #1/DEBUG] [net.minecraftforge.network.NetworkRegistry/NETREGISTRY]: Channel 'avaritia:main' : Version test of '1.0' from client : ACCEPTED
[0610月2026 14:42:41.751] [Netty Server IO #1/DEBUG] [net.minecraftforge.network.NetworkRegistry/NETREGISTRY]: Accepting channel list from client
[0610月2026 14:42:41.751] [Netty Server IO #1/DEBUG] [net.minecraftforge.network.HandshakeHandler/FMLHANDSHAKE]: Accepted client connection mod list
[0610月2026 14:42:41.788] [Server thread/DEBUG] [net.minecraftforge.network.HandshakeHandler/FMLHANDSHAKE]: Sending ticking packet info 'Config forge-server.toml' to 'fml:handshake' sequence 2
[0610月2026 14:42:41.789] [Netty Local Client IO #0/DEBUG] [net.minecraftforge.network.LoginWrapper/FMLHANDSHAKE]: Recieved login wrapper packet event for channel fml:handshake with index 2
[0610月2026 14:42:41.789] [Netty Local Client IO #0/DEBUG] [net.minecraftforge.network.HandshakeHandler/FMLHANDSHAKE]: Received config sync from server
[0610月2026 14:42:41.789] [Netty Local Client IO #0/DEBUG] [net.minecraftforge.network.LoginWrapper/FMLHANDSHAKE]: Dispatching wrapped packet reply for channel fml:handshake with index 2
[0610月2026 14:42:41.789] [Netty Server IO #1/DEBUG] [net.minecraftforge.network.LoginWrapper/FMLHANDSHAKE]: Recieved login wrapper packet event for channel fml:handshake with index 2
[0610月2026 14:42:41.789] [Netty Server IO #1/DEBUG] [net.minecraftforge.network.HandshakeHandler/FMLHANDSHAKE]: Received client indexed reply 2 of type net.minecraftforge.network.HandshakeMessages$C2SAcknowledge
[0610月2026 14:42:41.789] [Netty Server IO #1/DEBUG] [net.minecraftforge.network.HandshakeHandler/FMLHANDSHAKE]: Received acknowledgement from client
[0610月2026 14:42:41.844] [Server thread/DEBUG] [net.minecraftforge.network.HandshakeHandler/FMLHANDSHAKE]: Handshake complete!
[0610月2026 14:42:41.889] [Netty Local Client IO #0/INFO] [net.minecraftforge.network.NetworkHooks/]: Connected to a modded server.
[0610月2026 14:42:41.914] [Server thread/INFO] [net.minecraft.server.players.PlayerList/]: Dev[local:E:9a8273c5] logged in with entity id 115 at (58.69749451400596, -60.0, -52.80811806184653)
[0610月2026 14:42:41.962] [Server thread/INFO] [net.minecraft.server.MinecraftServer/]: Dev加入了游戏
[0610月2026 14:42:42.020] [Render thread/WARN] [net.minecraft.client.ClientRecipeBook/]: Unknown recipe category: avaritia:crafting_table_recipe/avaritia:extreme_crafting_table
[0610月2026 14:42:42.021] [Render thread/WARN] [net.minecraft.client.ClientRecipeBook/]: Unknown recipe category: avaritia:compressor_recipe/avaritia:blue_ice_singularity
[0610月2026 14:42:42.021] [Render thread/WARN] [net.minecraft.client.ClientRecipeBook/]: Unknown recipe category: avaritia:compressor_recipe/avaritia:bedrock_from_deepslate
[0610月2026 14:42:42.021] [Render thread/WARN] [net.minecraft.client.ClientRecipeBook/]: Unknown recipe category: avaritia:crafting_table_recipe/minecraft:reinforced_deepslate
[0610月2026 14:42:42.021] [Render thread/WARN] [net.minecraft.client.ClientRecipeBook/]: Unknown recipe category: avaritia:compressor_recipe/avaritia:obsidian_singularity
[0610月2026 14:42:42.021] [Render thread/WARN] [net.minecraft.client.ClientRecipeBook/]: Unknown recipe category: avaritia:compressor_recipe/avaritia:netherite_singularity
[0610月2026 14:42:42.021] [Render thread/WARN] [net.minecraft.client.ClientRecipeBook/]: Unknown recipe category: avaritia:crafting_table_recipe/minecraft:echo_shard
[0610月2026 14:42:42.021] [Render thread/WARN] [net.minecraft.client.ClientRecipeBook/]: Unknown recipe category: avaritia:crafting_table_recipe/minecraft:budding_amethyst
[0610月2026 14:42:42.023] [Render thread/WARN] [net.minecraft.client.ClientRecipeBook/]: Unknown recipe category: avaritia:compressor_recipe/avaritia:compressor_matter_cluster
[0610月2026 14:42:42.023] [Render thread/WARN] [net.minecraft.client.ClientRecipeBook/]: Unknown recipe category: avaritia:crafting_table_recipe/avaritia:infinity_catalyst_eternal
[0610月2026 14:42:42.023] [Render thread/WARN] [net.minecraft.client.ClientRecipeBook/]: Unknown recipe category: avaritia:extreme_smithing_recipe/avaritia:infinity_chest
[0610月2026 14:42:42.024] [Render thread/WARN] [net.minecraft.client.ClientRecipeBook/]: Unknown recipe category: avaritia:crafting_table_recipe/avaritia:ultimate_stew
[0610月2026 14:42:42.024] [Render thread/WARN] [net.minecraft.client.ClientRecipeBook/]: Unknown recipe category: avaritia:crafting_table_recipe/minecraft:pitcher_pod
[0610月2026 14:42:42.024] [Render thread/WARN] [net.minecraft.client.ClientRecipeBook/]: Unknown recipe category: avaritia:compressor_recipe/avaritia:quartz_singularity
[0610月2026 14:42:42.024] [Render thread/WARN] [net.minecraft.client.ClientRecipeBook/]: Unknown recipe category: avaritia:crafting_table_recipe/minecraft:torchflower_seeds
[0610月2026 14:42:42.024] [Render thread/WARN] [net.minecraft.client.ClientRecipeBook/]: Unknown recipe category: avaritia:crafting_table_recipe/minecraft:sniffer_egg
[0610月2026 14:42:42.024] [Render thread/WARN] [net.minecraft.client.ClientRecipeBook/]: Unknown recipe category: avaritia:compressor_recipe/avaritia:coal_singularity
[0610月2026 14:42:42.024] [Render thread/WARN] [net.minecraft.client.ClientRecipeBook/]: Unknown recipe category: avaritia:compressor_recipe/avaritia:diamond_singularity
[0610月2026 14:42:42.024] [Render thread/WARN] [net.minecraft.client.ClientRecipeBook/]: Unknown recipe category: avaritia:compressor_recipe/avaritia:iron_singularity
[0610月2026 14:42:42.024] [Render thread/WARN] [net.minecraft.client.ClientRecipeBook/]: Unknown recipe category: avaritia:extreme_smithing_recipe/avaritia:neutron_horse_armor
[0610月2026 14:42:42.026] [Render thread/WARN] [net.minecraft.client.ClientRecipeBook/]: Unknown recipe category: avaritia:crafting_table_recipe/avaritia:eternal_singularity
[0610月2026 14:42:42.027] [Render thread/WARN] [net.minecraft.client.ClientRecipeBook/]: Unknown recipe category: avaritia:crafting_table_recipe/minecraft:crying_obsidian
[0610月2026 14:42:42.027] [Render thread/WARN] [net.minecraft.client.ClientRecipeBook/]: Unknown recipe category: avaritia:crafting_table_recipe/avaritia:ancient_debris_eight
[0610月2026 14:42:42.027] [Render thread/WARN] [net.minecraft.client.ClientRecipeBook/]: Unknown recipe category: avaritia:extreme_smithing_recipe/avaritia:extreme_anvil
[0610月2026 14:42:42.027] [Render thread/WARN] [net.minecraft.client.ClientRecipeBook/]: Unknown recipe category: avaritia:compressor_recipe/avaritia:glowstone_singularity
[0610月2026 14:42:42.027] [Render thread/WARN] [net.minecraft.client.ClientRecipeBook/]: Unknown recipe category: avaritia:crafting_table_recipe/avaritia:crystal_matrix_ingot
[0610月2026 14:42:42.027] [Render thread/WARN] [net.minecraft.client.ClientRecipeBook/]: Unknown recipe category: avaritia:crafting_table_recipe/avaritia:nether_crafting_table
[0610月2026 14:42:42.027] [Render thread/WARN] [net.minecraft.client.ClientRecipeBook/]: Unknown recipe category: avaritia:compressor_recipe/avaritia:lapis_lazuli_singularity
[0610月2026 14:42:42.027] [Render thread/WARN] [net.minecraft.client.ClientRecipeBook/]: Unknown recipe category: avaritia:crafting_table_recipe/minecraft:sculk_catalyst
[0610月2026 14:42:42.027] [Render thread/WARN] [net.minecraft.client.ClientRecipeBook/]: Unknown recipe category: avaritia:compressor_recipe/avaritia:amethyst_shard_singularity
[0610月2026 14:42:42.027] [Render thread/WARN] [net.minecraft.client.ClientRecipeBook/]: Unknown recipe category: avaritia:crafting_table_recipe/avaritia:netherite_ingot_too
[0610月2026 14:42:42.027] [Render thread/WARN] [net.minecraft.client.ClientRecipeBook/]: Unknown recipe category: avaritia:crafting_table_recipe/minecraft:spore_blossom
[0610月2026 14:42:42.027] [Render thread/WARN] [net.minecraft.client.ClientRecipeBook/]: Unknown recipe category: avaritia:compressor_recipe/avaritia:emerald_singularity
[0610月2026 14:42:42.028] [Render thread/WARN] [net.minecraft.client.ClientRecipeBook/]: Unknown recipe category: avaritia:compressor_recipe/avaritia:copper_singularity
[0610月2026 14:42:42.028] [Render thread/WARN] [net.minecraft.client.ClientRecipeBook/]: Unknown recipe category: avaritia:crafting_table_recipe/avaritia:infinity_ingot
[0610月2026 14:42:42.030] [Render thread/WARN] [net.minecraft.client.ClientRecipeBook/]: Unknown recipe category: avaritia:crafting_table_recipe/avaritia:infinity_catalyst
[0610月2026 14:42:42.030] [Render thread/WARN] [net.minecraft.client.ClientRecipeBook/]: Unknown recipe category: avaritia:crafting_table_recipe/avaritia:full_matter_cluster
[0610月2026 14:42:42.030] [Render thread/WARN] [net.minecraft.client.ClientRecipeBook/]: Unknown recipe category: avaritia:extreme_smithing_recipe/avaritia:endless_cake
[0610月2026 14:42:42.030] [Render thread/WARN] [net.minecraft.client.ClientRecipeBook/]: Unknown recipe category: avaritia:extreme_smithing_recipe/avaritia:infinity_clock
[0610月2026 14:42:42.030] [Render thread/WARN] [net.minecraft.client.ClientRecipeBook/]: Unknown recipe category: avaritia:crafting_table_recipe/avaritia:end_crafting_table
[0610月2026 14:42:42.031] [Render thread/WARN] [net.minecraft.client.ClientRecipeBook/]: Unknown recipe category: avaritia:extreme_smithing_recipe/avaritia:infinity_bucket
[0610月2026 14:42:42.031] [Render thread/WARN] [net.minecraft.client.ClientRecipeBook/]: Unknown recipe category: avaritia:crafting_table_recipe/minecraft:sculk
[0610月2026 14:42:42.031] [Render thread/WARN] [net.minecraft.client.ClientRecipeBook/]: Unknown recipe category: avaritia:crafting_table_recipe/minecraft:heart_of_the_sea
[0610月2026 14:42:42.031] [Render thread/WARN] [net.minecraft.client.ClientRecipeBook/]: Unknown recipe category: avaritia:extreme_smithing_recipe/avaritia:infinity_elytra
[0610月2026 14:42:42.031] [Render thread/WARN] [net.minecraft.client.ClientRecipeBook/]: Unknown recipe category: avaritia:crafting_table_recipe/avaritia:extreme_smithing_table
[0610月2026 14:42:42.031] [Render thread/WARN] [net.minecraft.client.ClientRecipeBook/]: Unknown recipe category: avaritia:compressor_recipe/avaritia:gold_singularity
[0610月2026 14:42:42.031] [Render thread/WARN] [net.minecraft.client.ClientRecipeBook/]: Unknown recipe category: avaritia:crafting_table_recipe/avaritia:cosmic_meatballs
[0610月2026 14:42:42.031] [Render thread/WARN] [net.minecraft.client.ClientRecipeBook/]: Unknown recipe category: avaritia:extreme_smithing_recipe/avaritia:infinity_totem
[0610月2026 14:42:42.031] [Render thread/WARN] [net.minecraft.client.ClientRecipeBook/]: Unknown recipe category: avaritia:compressor_recipe/avaritia:redstone_singularity
[0610月2026 14:42:42.309] [Render thread/INFO] [net.minecraft.advancements.AdvancementList/]: Loaded 71 advancements
[0610月2026 14:42:43.289] [Render thread/DEBUG] [io.netty.util.internal.ThreadLocalRandom/]: -Dio.netty.initialSeedUniquifier: 0x3fad815960eb91dd
[0610月2026 14:43:03.182] [Server thread/INFO] [net.minecraft.client.server.IntegratedServer/]: Saving and pausing game...
[0610月2026 14:43:03.191] [Server thread/INFO] [net.minecraft.server.MinecraftServer/]: Saving chunks for level 'ServerLevel[新的世界]'/minecraft:overworld
[0610月2026 14:43:03.197] [Server thread/INFO] [net.minecraft.server.MinecraftServer/]: Saving chunks for level 'ServerLevel[新的世界]'/minecraft:the_end
[0610月2026 14:43:03.199] [Server thread/INFO] [net.minecraft.server.MinecraftServer/]: Saving chunks for level 'ServerLevel[新的世界]'/minecraft:the_nether
[0610月2026 14:43:03.201] [Server thread/DEBUG] [net.minecraftforge.common.ForgeHooks/WP]: Gathering id map for writing to world save 新的世界
[0610月2026 14:43:03.205] [Server thread/DEBUG] [net.minecraftforge.common.ForgeHooks/WP]: ID Map collection complete 新的世界
[0610月2026 14:44:18.134] [Server thread/INFO] [net.minecraft.server.network.ServerGamePacketListenerImpl/]: Dev lost connection: 连接中断
[0610月2026 14:44:18.135] [Server thread/INFO] [net.minecraft.server.MinecraftServer/]: Dev退出了游戏
[0610月2026 14:44:18.144] [Server thread/INFO] [net.minecraft.server.network.ServerGamePacketListenerImpl/]: Stopping singleplayer server as player logged out
[0610月2026 14:44:18.183] [Server thread/INFO] [net.minecraft.server.MinecraftServer/]: Stopping server
[0610月2026 14:44:18.184] [Server thread/INFO] [net.minecraft.server.MinecraftServer/]: Saving players
[0610月2026 14:44:18.184] [Server thread/INFO] [net.minecraft.server.MinecraftServer/]: Saving worlds
[0610月2026 14:44:18.475] [Server thread/INFO] [net.minecraft.server.MinecraftServer/]: Saving chunks for level 'ServerLevel[新的世界]'/minecraft:overworld
[0610月2026 14:44:18.828] [Server thread/INFO] [net.minecraft.server.MinecraftServer/]: Saving chunks for level 'ServerLevel[新的世界]'/minecraft:the_end
[0610月2026 14:44:18.829] [Server thread/INFO] [net.minecraft.server.MinecraftServer/]: Saving chunks for level 'ServerLevel[新的世界]'/minecraft:the_nether
[0610月2026 14:44:18.830] [Server thread/DEBUG] [net.minecraftforge.common.ForgeHooks/WP]: Gathering id map for writing to world save 新的世界
[0610月2026 14:44:18.833] [Server thread/DEBUG] [net.minecraftforge.common.ForgeHooks/WP]: ID Map collection complete 新的世界
[0610月2026 14:44:18.840] [Server thread/INFO] [net.minecraft.server.MinecraftServer/]: ThreadedAnvilChunkStorage (新的世界): All chunks are saved
[0610月2026 14:44:18.840] [Server thread/INFO] [net.minecraft.server.MinecraftServer/]: ThreadedAnvilChunkStorage (DIM1): All chunks are saved
[0610月2026 14:44:18.840] [Server thread/INFO] [net.minecraft.server.MinecraftServer/]: ThreadedAnvilChunkStorage (DIM-1): All chunks are saved
[0610月2026 14:44:18.840] [Server thread/INFO] [net.minecraft.server.MinecraftServer/]: ThreadedAnvilChunkStorage: All dimensions are saved
[0610月2026 14:44:18.852] [Server thread/DEBUG] [net.minecraftforge.registries.GameData/REGISTRIES]: Reverting to FROZEN data state.
[0610月2026 14:44:18.852] [Server thread/DEBUG] [net.minecraftforge.registries.ForgeRegistry/REGISTRIES]: Registry minecraft:block Sync: ACTIVE -> FROZEN
[0610月2026 14:44:18.854] [Server thread/DEBUG] [net.minecraftforge.registries.ForgeRegistry/REGISTRIES]: Registry minecraft:fluid Sync: ACTIVE -> FROZEN
[0610月2026 14:44:18.854] [Server thread/DEBUG] [net.minecraftforge.registries.ForgeRegistry/REGISTRIES]: Registry minecraft:item Sync: ACTIVE -> FROZEN
[0610月2026 14:44:18.856] [Server thread/DEBUG] [net.minecraftforge.registries.ForgeRegistry/REGISTRIES]: Registry minecraft:mob_effect Sync: ACTIVE -> FROZEN
[0610月2026 14:44:18.856] [Server thread/DEBUG] [net.minecraftforge.registries.ForgeRegistry/REGISTRIES]: Registry minecraft:sound_event Sync: ACTIVE -> FROZEN
[0610月2026 14:44:18.858] [Server thread/DEBUG] [net.minecraftforge.registries.ForgeRegistry/REGISTRIES]: Registry minecraft:potion Sync: ACTIVE -> FROZEN
[0610月2026 14:44:18.858] [Server thread/DEBUG] [net.minecraftforge.registries.ForgeRegistry/REGISTRIES]: Registry minecraft:enchantment Sync: ACTIVE -> FROZEN
[0610月2026 14:44:18.858] [Server thread/DEBUG] [net.minecraftforge.registries.ForgeRegistry/REGISTRIES]: Registry minecraft:entity_type Sync: ACTIVE -> FROZEN
[0610月2026 14:44:18.858] [Server thread/DEBUG] [net.minecraftforge.registries.ForgeRegistry/REGISTRIES]: Registry minecraft:block_entity_type Sync: ACTIVE -> FROZEN
[0610月2026 14:44:18.858] [Server thread/DEBUG] [net.minecraftforge.registries.ForgeRegistry/REGISTRIES]: Registry minecraft:particle_type Sync: ACTIVE -> FROZEN
[0610月2026 14:44:18.859] [Server thread/DEBUG] [net.minecraftforge.registries.ForgeRegistry/REGISTRIES]: Registry minecraft:menu Sync: ACTIVE -> FROZEN
[0610月2026 14:44:18.859] [Server thread/DEBUG] [net.minecraftforge.registries.ForgeRegistry/REGISTRIES]: Registry minecraft:painting_variant Sync: ACTIVE -> FROZEN
[0610月2026 14:44:18.859] [Server thread/DEBUG] [net.minecraftforge.registries.ForgeRegistry/REGISTRIES]: Registry minecraft:recipe_type Sync: ACTIVE -> FROZEN
[0610月2026 14:44:18.859] [Server thread/DEBUG] [net.minecraftforge.registries.ForgeRegistry/REGISTRIES]: Registry minecraft:recipe_serializer Sync: ACTIVE -> FROZEN
[0610月2026 14:44:18.859] [Server thread/DEBUG] [net.minecraftforge.registries.ForgeRegistry/REGISTRIES]: Registry minecraft:attribute Sync: ACTIVE -> FROZEN
[0610月2026 14:44:18.859] [Server thread/DEBUG] [net.minecraftforge.registries.ForgeRegistry/REGISTRIES]: Registry minecraft:stat_type Sync: ACTIVE -> FROZEN
[0610月2026 14:44:18.859] [Server thread/DEBUG] [net.minecraftforge.registries.ForgeRegistry/REGISTRIES]: Registry minecraft:command_argument_type Sync: ACTIVE -> FROZEN
[0610月2026 14:44:18.860] [Server thread/DEBUG] [net.minecraftforge.registries.ForgeRegistry/REGISTRIES]: Registry minecraft:villager_profession Sync: ACTIVE -> FROZEN
[0610月2026 14:44:18.860] [Server thread/DEBUG] [net.minecraftforge.registries.ForgeRegistry/REGISTRIES]: Registry minecraft:point_of_interest_type Sync: ACTIVE -> FROZEN
[0610月2026 14:44:18.860] [Server thread/DEBUG] [net.minecraftforge.registries.ForgeRegistry/REGISTRIES]: Registry minecraft:memory_module_type Sync: ACTIVE -> FROZEN
[0610月2026 14:44:18.860] [Server thread/DEBUG] [net.minecraftforge.registries.ForgeRegistry/REGISTRIES]: Registry minecraft:sensor_type Sync: ACTIVE -> FROZEN
[0610月2026 14:44:18.860] [Server thread/DEBUG] [net.minecraftforge.registries.ForgeRegistry/REGISTRIES]: Registry minecraft:schedule Sync: ACTIVE -> FROZEN
[0610月2026 14:44:18.860] [Server thread/DEBUG] [net.minecraftforge.registries.ForgeRegistry/REGISTRIES]: Registry minecraft:activity Sync: ACTIVE -> FROZEN
[0610月2026 14:44:18.860] [Server thread/DEBUG] [net.minecraftforge.registries.ForgeRegistry/REGISTRIES]: Registry minecraft:worldgen/carver Sync: ACTIVE -> FROZEN
[0610月2026 14:44:18.860] [Server thread/DEBUG] [net.minecraftforge.registries.ForgeRegistry/REGISTRIES]: Registry minecraft:worldgen/feature Sync: ACTIVE -> FROZEN
[0610月2026 14:44:18.860] [Server thread/DEBUG] [net.minecraftforge.registries.ForgeRegistry/REGISTRIES]: Registry minecraft:chunk_status Sync: ACTIVE -> FROZEN
[0610月2026 14:44:18.860] [Server thread/DEBUG] [net.minecraftforge.registries.ForgeRegistry/REGISTRIES]: Registry minecraft:worldgen/block_state_provider_type Sync: ACTIVE -> FROZEN
[0610月2026 14:44:18.860] [Server thread/DEBUG] [net.minecraftforge.registries.ForgeRegistry/REGISTRIES]: Registry minecraft:worldgen/foliage_placer_type Sync: ACTIVE -> FROZEN
[0610月2026 14:44:18.860] [Server thread/DEBUG] [net.minecraftforge.registries.ForgeRegistry/REGISTRIES]: Registry minecraft:worldgen/tree_decorator_type Sync: ACTIVE -> FROZEN
[0610月2026 14:44:18.860] [Server thread/DEBUG] [net.minecraftforge.registries.ForgeRegistry/REGISTRIES]: Registry minecraft:worldgen/biome Sync: ACTIVE -> FROZEN
[0610月2026 14:44:18.860] [Server thread/DEBUG] [net.minecraftforge.registries.ForgeRegistry/REGISTRIES]: Registry forge:entity_data_serializers Sync: ACTIVE -> FROZEN
[0610月2026 14:44:18.860] [Server thread/DEBUG] [net.minecraftforge.registries.ForgeRegistry/REGISTRIES]: Registry forge:global_loot_modifier_serializers Sync: ACTIVE -> FROZEN
[0610月2026 14:44:18.860] [Server thread/DEBUG] [net.minecraftforge.registries.ForgeRegistry/REGISTRIES]: Registry forge:biome_modifier_serializers Sync: ACTIVE -> FROZEN
[0610月2026 14:44:18.860] [Server thread/DEBUG] [net.minecraftforge.registries.ForgeRegistry/REGISTRIES]: Registry forge:fluid_type Sync: ACTIVE -> FROZEN
[0610月2026 14:44:18.860] [Server thread/DEBUG] [net.minecraftforge.registries.ForgeRegistry/REGISTRIES]: Registry forge:structure_modifier_serializers Sync: ACTIVE -> FROZEN
[0610月2026 14:44:18.860] [Server thread/DEBUG] [net.minecraftforge.registries.ForgeRegistry/REGISTRIES]: Registry forge:holder_set_type Sync: ACTIVE -> FROZEN
[0610月2026 14:44:18.860] [Server thread/DEBUG] [net.minecraftforge.registries.ForgeRegistry/REGISTRIES]: Registry forge:display_contexts Sync: ACTIVE -> FROZEN
[0610月2026 14:44:19.018] [Server thread/DEBUG] [net.minecraftforge.registries.ObjectHolderRegistry/REGISTRIES]: Applying holder lookups
[0610月2026 14:44:19.019] [Server thread/DEBUG] [net.minecraftforge.registries.ObjectHolderRegistry/REGISTRIES]: Holder lookups applied
[0610月2026 14:44:19.019] [Server thread/DEBUG] [net.minecraftforge.registries.GameData/REGISTRIES]: FROZEN state restored.
[0610月2026 14:44:19.019] [Server thread/DEBUG] [net.minecraftforge.fml.config.ConfigTracker/CONFIG]: Unloading configs type SERVER
[0610月2026 14:44:24.681] [Render thread/INFO] [net.minecraft.client.Minecraft/]: Stopping!
